name_cap_2,num_rom_ca,Shape_Leng,Shape_Area
COCOS ISLANDS - 1,I-NE,56288.10300000000,197997231.64500001000
COCOS ISLANDS - 2,I-SE,56301.44480000000,198090056.79400000000
COCOS ISLANDS - 4,I-NW,56288.10320000000,197997233.06799999000
COCOS ISLANDS - 3,I-SW,56301.44500000000,198090058.21799999000
CHRISTMAS ISLAND-1,III-SE,56127.99770000000,196883304.13499999000
CHRISTMAS ISLAND-2,IV-NE,56139.44240000000,196962930.25999999000
CHRISTMAS ISLAND-3,IV-NW,56139.44270000000,196962932.37099999000
COCOS ISLANDS - 5,II-NW,56261.86300000000,197814667.67899999000
CHRISTMAS ISLAND-4,III-SW,56127.99760000000,196883303.43900001000
ROTTNEST ISLAND,ROTTNEST ISLAND,60647.71030000000,228329060.92399999000
EUCLA-SE,4634-I-SE,60535.29140000000,227546909.63299999000
PINCOMBE RANGE-SW,4666-I-SW,56736.50180000000,201116952.00999999000
BURT RANGE-NW,4666-II-NW,56754.29330000000,201240735.83199999000
EUCLA-SW,4634-I-SW,60535.29140000000,227546909.63299999000
IVANHOE-SE,4666-IV-SE,56736.50160000000,201116950.59099999000
DECEPTION RANGE-NE,4666-III-NE,56754.29320000000,201240735.08199999000
WYNDHAM-NE,4567-III-NE,56684.08100000000,200752235.93599999000
WYNDHAM-SE,4567-III-SE,56701.39600000000,200872704.49700001000
MOUNT ERSKINE-NE,4566-IV-NE,56718.86940000000,200994275.12099999000
WYNDHAM-NW,4567-III-NW,56684.08130000000,200752238.07499999000
WYNDHAM-SW,4567-III-SW,56701.39620000000,200872705.94100001000
MOUNT ERSKINE-NW,4566-IV-NW,56718.86960000000,200994276.56600001000
SOPHIE DOWNS-SW,4461-I-SW,57123.24380000000,203807697.13000000000
PALM SPRINGS-NW,4461-II-NW,57144.32520000000,203954370.29899999000
HALLS CREEK-SE,4461-IV-SE,57123.24400000000,203807698.59500000000
FITZROY CROSSING-SW,4061-IV-SW,57123.24380000000,203807697.13000000000
HALL POINT-SE,3766-I-SE,56736.50160000000,201116950.59099999000
CAMBALLIN-SE,3762-III-SE,57081.58900000000,203517885.18599999000
ADVANCE-NW,3665-I-NW,56790.35600000000,201491640.86399999000
ADVANCE-SW,3665-I-SW,56808.62820000000,201618769.11399999000
YARRADA HILL-NW,3663-II-NW,56980.39000000000,202813796.43300000000
DERBY-NE,3663-III-NE,56980.38980000000,202813794.97499999000
DERBY-SE,3663-III-SE,57000.29620000000,202952293.11899999000
DERBY-NW,3663-III-NW,56980.39000000000,202813796.43300000000
BURTVILLE-NE,3440-III-NE,59591.83560000000,220982845.95400000000
NERIDUP-SW,3430-IV-SW,61276.23050000000,232701969.96300000000
ORLEANS-NW,3430-III-NW,61325.02220000000,233041436.80500001000
ORLEANS-SW,3430-III-SW,61374.11640000000,233383008.13999999000
LAVERTON-NE,3340-I-NE,59516.09060000000,220455852.52900001000
LAVERTON-SE,3340-I-SE,59553.84260000000,220718510.86700001000
LINDEN-NE,3339-II-NE,59746.24760000000,222057162.52599999000
ROEBUCK PLAINS-SW,3362-II-SW,57081.58920000000,203517886.64800000000
EDJUDINA-NW,3338-II-NW,59904.62280000000,223159052.93599999000
BROOME-SE,3362-III-SE,57081.58900000000,203517885.18599999000
PEARL SHOALS-NE,3361-IV-NE,57102.33210000000,203662204.68000001000
MOUNT MORGANS-NE,3340-III-NE,59591.83560000000,220982845.95400000000
KURNALPI-NE,3336-IV-NE,60149.80020000000,224864866.88699999000
MOUNT MORGANS-NW,3340-III-NW,59591.83580000000,220982847.54200000000
YUNDAMINDERA-NW,3339-IV-NW,59668.55150000000,221516594.48500001000
YUNDAMINDERA-SW,3339-IV-SW,59707.27640000000,221786021.64300001000
ESPERANCE-NE,3230-II-NE,61325.02210000000,233041435.82600001000
ESPERANCE-SE,3230-II-SE,61374.11610000000,233383005.91000000000
REDCASTLE-SW,3240-II-SW,59630.07160000000,221248871.70600000000
RAESIDE-SW,3239-II-SW,59785.46660000000,222330027.46900001000
KALPINI-NW,3237-II-NW,60067.04500000000,224289100.43900001000
LILLIS-SW,3236-I-SW,60191.56900000000,225155471.98300001000
YINDARLGOODA-NW,3236-II-NW,60233.60040000000,225447904.11000001000
NORSEMAN-SW,3233-I-SW,60713.68850000000,228788101.90099999000
WOOLYEENYER-SW,3233-II-SW,60804.56400000000,229420365.17100000000
BOSTOCK SWAMP-SW,3231-II-SW,61179.54740000000,232029300.50999999000
JENABILLUP-SW,3230-I-SW,61276.23030000000,232701968.57200000000
ESPERANCE-NW,3230-II-NW,61325.02210000000,233041435.82600001000
ESPERANCE-SW,3230-II-SW,61374.11610000000,233383005.76699999000
GINDALBIE-NE,3237-III-NE,60067.04480000000,224289098.82800001000
KANOWNA-SE,3236-IV-SE,60191.56920000000,225155473.60100001000
GOLDEN RIDGE-NE,3236-III-NE,60233.60060000000,225447905.72999999000
KAMBALDA-SE,3235-IV-SE,60361.28380000000,226336257.41600001000
MOUNT EATON-SE,3234-IV-SE,60535.29140000000,227546909.63299999000
PIONEER-NE,3234-III-NE,60579.47560000000,227854319.79800001000
SALMON GUMS-SE,3232-III-SE,60989.73300000000,230708672.59099999000
RED LAKE-SE,3231-IV-SE,61084.05260000000,231364898.20400000000
SCADDAN-SE,3231-III-SE,61179.54720000000,232029298.84200001000
MERTONDALE-SW,3240-IV-SW,59553.84240000000,220718509.47499999000
BENALLA-SW,3240-III-SW,59630.07160000000,221248871.70600000000
GINDALBIE-SW,3237-III-SW,60108.29260000000,224576079.08199999000
KANOWNA-NW,3236-IV-NW,60149.80040000000,224864868.27900001000
KANOWNA-SW,3236-IV-SW,60191.56900000000,225155471.98300001000
GOLDEN RIDGE-NW,3236-III-NW,60233.60040000000,225447904.11000001000
GOLDEN RIDGE-SW,3236-III-SW,60275.89560000000,225742171.61700001000
KAMBALDA-SW,3235-IV-SW,60361.28390000000,226336258.11199999000
WIDGIEMOOLTHA-NW,3235-III-NW,60404.37960000000,226636095.19200000000
WIDGIEMOOLTHA-SW,3235-III-SW,60447.74520000000,226937809.97499999000
SALMON GUMS-NW,3232-III-NW,60943.00930000000,230383594.06900001000
SALMON GUMS-SW,3232-III-SW,60989.73310000000,230708673.55399999000
CAITUP-SW,3230-IV-SW,61276.23020000000,232701967.73600000000
MELITA-SE,3139-I-SE,59707.27640000000,221786021.84599999000
NIAGARA-NE,3139-II-NE,59746.24790000000,222057164.71500000000
NIAGARA-SE,3139-II-SE,59785.46660000000,222330027.46900001000
BROAD ARROW-SE,3137-II-SE,60108.29280000000,224576080.69600001000
KALGOORLIE-SE,3136-I-SE,60191.56920000000,225155473.60100001000
BOULDER-NE,3136-II-NE,60233.60060000000,225447905.72999999000
LORT-NE,3130-I-NE,61227.73930000000,232364593.98199999000
LORT-SE,3130-I-SE,61276.23040000000,232701969.40799999000
MOONANUP-NE,3130-II-NE,61325.02220000000,233041436.80500001000
DARLOT-SW,3142-II-SW,59330.91090000000,219167470.84799999000
LEONORA-NW,3140-II-NW,59591.83580000000,220982847.34500000000
LEONORA-SW,3140-II-SW,59630.07160000000,221248871.70600000000
BROAD ARROW-NW,3137-II-NW,60067.04480000000,224289098.82800001000
BROAD ARROW-SW,3137-II-SW,60108.29260000000,224576079.08199999000
KALGOORLIE-NW,3136-I-NW,60149.80040000000,224864868.27900001000
BOULDER-NW,3136-II-NW,60233.60040000000,225447904.11000001000
LORT-NW,3130-I-NW,61227.73920000000,232364593.14700001000
LORT-SW,3130-I-SW,61276.23020000000,232701967.73500001000
MOONANUP-NW,3130-II-NW,61325.02200000000,233041435.13000000000
COMET VALE-SE,3138-III-SE,59944.84560000000,223438901.78600001000
SCOTIA-NE,3137-IV-NE,59985.32270000000,223720520.02800000000
KUNANALLING-NE,3136-IV-NE,60149.80060000000,224864869.89500001000
KUNANALLING-SE,3136-IV-SE,60191.56920000000,225155473.60100001000
COOLGARDIE-NE,3136-III-NE,60233.60050000000,225447904.91999999000
COOLGARDIE-SE,3136-III-SE,60275.89540000000,225742170.22499999000
BURBANKS-NE,3135-IV-NE,60318.45620000000,226038285.63600001000
YOUNG RIVER-NE,3130-IV-NE,61227.73940000000,232364594.81700000000
YOUNG RIVER-SE,3130-IV-SE,61276.23040000000,232701969.40799999000
FANNY COVE-NE,3130-III-NE,61325.02220000000,233041436.80500001000
FANNY COVE-SE,3130-III-SE,61374.11630000000,233383007.30100000000
CUTMORE-SW,3140-IV-SW,59553.84240000000,220718509.47499999000
MENZIES-SW,3138-IV-SW,59864.65310000000,222880965.23100001000
COMET VALE-NW,3138-III-NW,59904.62280000000,223159053.04200000000
COMET VALE-SW,3138-III-SW,59944.84560000000,223438901.78600001000
ORA BANDA-NW,3137-III-NW,60067.04480000000,224289098.82800001000
ORA BANDA-SW,3137-III-SW,60108.29260000000,224576079.08199999000
KUNANALLING-NW,3136-IV-NW,60149.80040000000,224864868.27900001000
KUNANALLING-SW,3136-IV-SW,60191.56900000000,225155471.98300001000
BURBANKS-NW,3135-IV-NW,60318.45640000000,226038287.25999999000
LOWLE-SW,3131-III-SW,61179.54720000000,232029298.84200001000
YOUNG RIVER-NW,3130-IV-NW,61227.73920000000,232364593.14700001000
YOUNG RIVER-SW,3130-IV-SW,61276.23020000000,232701967.73600000000
FANNY COVE-NW,3130-III-NW,61325.02200000000,233041435.13000000000
SIBERIA-SE,3037-I-SE,60026.05540000000,224003916.60100001000
DUNNSVILLE-SE,3036-I-SE,60191.56900000000,225155471.98300001000
MUNGLINUP-NE,3030-I-NE,61227.73950000000,232364595.51300001000
MUNGLINUP-SE,3030-I-SE,61276.23040000000,232701969.40799999000
NANGARUP-NE,3030-II-NE,61325.02210000000,233041435.96700001000
DUNNSVILLE-SW,3036-I-SW,60191.56920000000,225155473.60100001000
GIBRALTAR-NW,3035-I-NW,60318.45640000000,226038287.25999999000
MUNGLINUP-NW,3030-I-NW,61227.73940000000,232364594.53900000000
MUNGLINUP-SW,3030-I-SW,61276.23020000000,232701967.73500001000
NANGARUP-NW,3030-II-NW,61325.02210000000,233041435.96700001000
NANGARUP-SW,3030-II-SW,61374.11640000000,233383008.13999999000
LEINSTER DOWNS-SE,3042-III-SE,59330.91100000000,219167471.54300001000
DAVYHURST-NE,3037-IV-NE,59985.32280000000,223720520.83199999000
OLDFIELD-NE,3030-IV-NE,61227.73950000000,232364595.37400001000
OLDFIELD-SE,3030-IV-SE,61276.23020000000,232701967.73500001000
STARVATION BOAT HARB,3030-III-NE,61325.02200000000,233041435.13000000000
STARVATION BOAT HARB,3030-III-SE,61374.11620000000,233383006.46300000000
SIR SAMUEL-NW,3042-IV-NW,59222.62360000000,218414065.40200001000
SIR SAMUEL-SW,3042-IV-SW,59258.48670000000,218663581.68900001000
LEINSTER DOWNS-SW,3042-III-SW,59330.91080000000,219167469.96799999000
LAWLERS-NW,3041-IV-NW,59367.47340000000,219421853.09299999000
OBERWYL-NW,3039-IV-NW,59668.55160000000,221516595.28099999000
MULWARRIE-NW,3038-III-NW,59904.62280000000,223159052.93599999000
MULWARRIE-SW,3038-III-SW,59944.84560000000,223438901.78600001000
DAVYHURST-NW,3037-IV-NW,59985.32260000000,223720519.22400001000
DAVYHURST-SW,3037-IV-SW,60026.05520000000,224003914.99100000000
OLDFIELD-NW,3030-IV-NW,61227.73950000000,232364595.37400001000
OLDFIELD-SW,3030-IV-SW,61276.23040000000,232701969.40799999000
STARVATION BOAT HARB,3030-III-NW,61325.02220000000,233041436.80500001000
STARVATION BOAT HARB,3030-III-SW,61374.11640000000,233383008.13999999000
COPPERFIELD-NE,2939-I-NE,59668.55140000000,221516593.68900001000
BANDALUP-NE,2930-I-NE,61227.73940000000,232364594.53900000000
BANDALUP-SE,2930-I-SE,61276.23020000000,232701967.73600000000
JERDACUTTUP-NE,2930-II-NE,61325.02200000000,233041435.13000000000
JERDACUTTUP-SE,2930-II-SE,61374.11620000000,233383006.46300000000
BOORABBIN-SW,2935-I-SW,60361.28360000000,226336255.90700001000
BANDALUP-NW,2930-I-NW,61227.73950000000,232364595.51300001000
BANDALUP-SW,2930-I-SW,61276.23050000000,232701970.10400000000
JERDACUTTUP-NW,2930-II-NW,61325.02220000000,233041436.80500001000
JERDACUTTUP-SW,2930-II-SW,61374.11640000000,233383008.13999999000
BAMBOO-SE,2956-III-SE,57627.24960000000,207314301.43099999000
NULLAGINE-SE,2954-III-SE,57832.16030000000,208739961.15400001000
WILUNA-NE,2944-IV-NE,58943.93260000000,216475081.46700001000
RAVENSTHORPE-NE,2930-IV-NE,61227.73920000000,232364593.14700001000
RAVENSTHORPE-SE,2930-IV-SE,61276.23040000000,232701969.12700000000
HOPETOUN-NE,2930-III-NE,61325.02200000000,233041435.13000000000
HOPETOUN-SE,2930-III-SE,61374.11620000000,233383006.46300000000
NULLAGINE-SW,2954-III-SW,57832.16020000000,208739960.40400001000
RAVENSTHORPE-NW,2930-IV-NW,61227.73940000000,232364594.81700000000
RAVENSTHORPE-SW,2930-IV-SW,61276.23060000000,232701970.79899999000
HOPETOUN-NW,2930-III-NW,61325.02210000000,233041435.96700001000
HOPETOUN-SW,2930-III-SW,61374.11620000000,233383006.46300000000
COCANARUP-NE,2830-I-NE,61227.73920000000,232364593.14700001000
COCANARUP-SE,2830-I-SE,61276.23040000000,232701969.12700000000
WHOOGARUP-NE,2830-II-NE,61325.02210000000,233041435.96700001000
WHOOGARUP-SE,2830-II-SE,61374.11640000000,233383008.13999999000
MOOLYELLA-SW,2855-I-SW,57677.36320000000,207662965.30800000000
EASTERN RIDGE-NW,2851-II-NW,58133.76040000000,210838334.25200000000
EASTERN RIDGE-SW,2851-II-SW,58162.34920000000,211037239.85499999000
COCANARUP-NW,2830-I-NW,61227.73930000000,232364593.98199999000
COCANARUP-SW,2830-I-SW,61276.23040000000,232701969.12700000000
WHOOGARUP-NW,2830-II-NW,61325.02200000000,233041435.13000000000
WHOOGARUP-SW,2830-II-SW,61374.11620000000,233383006.46300000000
RED ISLAND-NW,2829-I-NW,61423.51460000000,233726694.25799999000
MARBLE BAR-SE,2855-IV-SE,57677.36300000000,207662963.81500000000
MOUNT WHALEBACK-NE,2851-III-NE,58133.76050000000,210838334.94700000000
MOUNT WHALEBACK-SE,2851-III-SE,58162.34930000000,211037240.67600000000
YELLOWDINE-NE,2835-III-NE,60404.37940000000,226636093.56299999000
YELLOWDINE-SE,2835-III-SE,60447.74500000000,226937808.34400001000
LAKE KING-NE,2831-IV-NE,61036.74660000000,231035768.21599999000
MAINNERUP-NE,2830-IV-NE,61227.73930000000,232364593.98199999000
MAINNERUP-SE,2830-IV-SE,61276.23060000000,232701970.79899999000
DRUMMOND-NE,2830-III-NE,61325.02220000000,233041436.80500001000
DRUMMOND-SE,2830-III-SE,61374.11640000000,233383008.13999999000
DEMPSTER-NE,2829-IV-NE,61423.51480000000,233726695.93700001000
LAKE SEABROOK-NW,2836-III-NW,60233.60040000000,225447904.11000001000
LAKE CAMM-NW,2832-III-NW,60943.00960000000,230383596.28799999000
LAKE CAMM-SW,2832-III-SW,60989.73300000000,230708672.85800001000
MAINNERUP-NW,2830-IV-NW,61227.73920000000,232364593.14700001000
MAINNERUP-SW,2830-IV-SW,61276.23040000000,232701969.12700000000
DRUMMOND-NW,2830-III-NW,61325.02200000000,233041435.13000000000
DRUMMOND-SW,2830-III-SW,61374.11620000000,233383006.46300000000
DEMPSTER-NW,2829-IV-NW,61423.51460000000,233726694.25799999000
DEMPSTER-SW,2829-IV-SW,61473.21900000000,234072511.03700000000
HOOD-NW,2829-III-NW,61523.23170000000,234420472.95100001000
HOOD-SW,2829-III-SW,61573.55400000000,234770588.90000001000
SHELLBOROUGH-SE,2758-II-SE,57434.07600000000,205970302.34999999000
COOLEN COOLEN-NE,2757-I-NE,57457.59270000000,206133918.99800000000
MARVEL LOCH-SE,2735-II-SE,60447.74500000000,226937808.34400001000
HURLSTONE-SE,2732-I-SE,60896.57440000000,230060524.59900001000
BAGOT-NE,2730-I-NE,61227.73940000000,232364594.81700000000
BAGOT-SE,2730-I-SE,61276.23060000000,232701970.79899999000
JACUP-NE,2730-II-NE,61325.02220000000,233041436.80500001000
JACUP-SE,2730-II-SE,61374.11640000000,233383008.13999999000
BLAND-NE,2729-I-NE,61423.51470000000,233726695.09700000000
BLAND-SE,2729-I-SE,61473.21900000000,234072511.03700000000
BREMER-NE,2729-II-NE,61523.23160000000,234420472.10900000000
BREMER-SE,2729-II-SE,61573.55370000000,234770586.51699999000
SHELLBOROUGH-SW,2758-II-SW,57434.07580000000,205970300.87000000000
COOLEN COOLEN-NW,2757-I-NW,57457.59270000000,206133918.99800000000
SANDSTONE-SW,2742-II-SW,59330.91080000000,219167470.15200001000
RAFFERTYS PATCH-NW,2741-I-NW,59367.47360000000,219421854.66999999000
SOUTHERN CROSS-SW,2735-I-SW,60361.28380000000,226336257.53400001000
MARVEL LOCH-NW,2735-II-NW,60404.37960000000,226636095.19200000000
BAGOT-NW,2730-I-NW,61227.73920000000,232364593.14700001000
BAGOT-SW,2730-I-SW,61276.23040000000,232701969.12700000000
JACUP-NW,2730-II-NW,61325.02200000000,233041435.13000000000
JACUP-SW,2730-II-SW,61374.11620000000,233383006.46300000000
BLAND-NW,2729-I-NW,61423.51470000000,233726695.09700000000
BLAND-SW,2729-I-SW,61473.21920000000,234072512.72000000000
BREMER-NW,2729-II-NW,61523.23180000000,234420473.79400000000
BREMER-SW,2729-II-SW,61573.55380000000,234770587.50799999000
CAPE KNOB-NW,2728-I-NW,61624.18780000000,235122871.95300001000
CORINTHIA-NE,2735-IV-NE,60318.45620000000,226038285.63600001000
CORINTHIA-SE,2735-IV-SE,60361.28360000000,226336255.90700001000
MOORINE ROCK-NE,2735-III-NE,60404.37940000000,226636093.56299999000
CAMERON CREEK-NE,2730-IV-NE,61227.73940000000,232364594.81700000000
CAMERON CREEK-SE,2730-IV-SE,61276.23060000000,232701970.79899999000
TWERTUP-NE,2730-III-NE,61325.02220000000,233041436.80500001000
TWERTUP-SE,2730-III-SE,61374.11630000000,233383007.30100000000
DARLINGUP-NE,2729-IV-NE,61423.51460000000,233726694.25799999000
DARLINGUP-SE,2729-IV-SE,61473.21900000000,234072511.03700000000
WARRAMURRUP-NE,2729-III-NE,61523.23160000000,234420472.10900000000
WARRAMURRUP-SE,2729-III-SE,61573.55360000000,234770585.82100001000
SMOOTH ROCKS-NE,2728-IV-NE,61624.18760000000,235122870.26400000000
JACKSON-SW,2737-IV-SW,60026.05520000000,224003914.99100000000
BULLFINCH-SW,2736-III-SW,60275.89580000000,225742173.23899999000
MOORINE ROCK-NW,2735-III-NW,60404.37950000000,226636094.37700000000
NEWDEGATE-NW,2731-IV-NW,61036.74660000000,231035768.21599999000
CAMERON CREEK-NW,2730-IV-NW,61227.73920000000,232364593.14700001000
CAMERON CREEK-SW,2730-IV-SW,61276.23040000000,232701969.12700000000
TWERTUP-NW,2730-III-NW,61325.02200000000,233041435.13000000000
TWERTUP-SW,2730-III-SW,61374.11620000000,233383006.60600001000
DARLINGUP-NW,2729-IV-NW,61423.51490000000,233726696.63299999000
DARLINGUP-SW,2729-IV-SW,61473.21920000000,234072512.72000000000
WARRAMURRUP-NW,2729-III-NW,61523.23180000000,234420473.79400000000
WARRAMURRUP-SW,2729-III-SW,61573.55380000000,234770587.50799999000
HIGHCLERE-SE,2636-II-SE,60275.89560000000,225742171.61700001000
BODALLIN-NE,2635-II-NE,60404.37950000000,226636094.37700000000
ECLIPSE LAKE-SE,2632-II-SE,60989.73310000000,230708673.41999999000
LAKE BIDDY-NE,2631-I-NE,61036.74680000000,231035769.87599999000
JERRAMUNGUP-SE,2630-II-SE,61374.11600000000,233383005.07100001000
PENIUP-NE,2629-I-NE,61423.51480000000,233726695.64899999000
PENIUP-SE,2629-I-SE,61473.21900000000,234072511.03700000000
MOUNT GROPER-NE,2629-II-NE,61523.23160000000,234420472.10900000000
MOUNT GROPER-SE,2629-II-SE,61573.55360000000,234770585.82100001000
CAPE RICHE-NE,2628-I-NE,61624.18770000000,235122871.10800001000
YOUANMI-NW,2640-I-NW,59516.09080000000,220455853.91999999000
BOODAROCKIN-NW,2635-I-NW,60318.45620000000,226038285.86899999000
BODALLIN-NW,2635-II-NW,60404.37940000000,226636093.56299999000
BODALLIN-SW,2635-II-SW,60447.74500000000,226937808.34400001000
HYDEN-SW,2633-II-SW,60804.56420000000,229420366.81999999000
ECLIPSE LAKE-SW,2632-II-SW,60989.73300000000,230708672.59099999000
LAKE BIDDY-NW,2631-I-NW,61036.74660000000,231035768.21599999000
JERRAMUNGUP-SW,2630-II-SW,61374.11630000000,233383007.44400001000
PENIUP-NW,2629-I-NW,61423.51490000000,233726696.63299999000
PENIUP-SW,2629-I-SW,61473.21930000000,234072513.41499999000
MOUNT GROPER-NW,2629-II-NW,61523.23170000000,234420472.95100001000
MOUNT GROPER-SW,2629-II-SW,61573.55360000000,234770585.82100001000
CAPE RICHE-NW,2628-I-NW,61624.18760000000,235122870.26400000000
CAPE RICHE-SW,2628-I-SW,61675.13480000000,235477333.78500000000
PORT HEDLAND-NE,2657-III-NE,57505.16300000000,206464887.80000001000
PORT HEDLAND-SE,2657-III-SE,57529.21790000000,206632249.04699999000
PEAK HILL-SE,2646-IV-SE,58711.76060000000,214859752.17199999000
GABANINTHA-SE,2644-III-SE,59046.74640000000,217190405.20600000000
WARRALAKIN-NE,2635-IV-NE,60318.45610000000,226038284.94000000000
WESTONIA-NE,2635-III-NE,60404.37960000000,226636095.19200000000
WESTONIA-SE,2635-III-SE,60447.74520000000,226937809.97499999000
DRYDEN HILL-SE,2633-III-SE,60804.56400000000,229420365.17199999000
PEDERAH-NE,2632-IV-NE,60850.42660000000,229739452.75000000000
COWALELLUP-NE,2629-IV-NE,61423.51460000000,233726694.25700000000
COWALELLUP-SE,2629-IV-SE,61473.21920000000,234072512.42899999000
PALLINUP-NE,2629-III-NE,61523.23170000000,234420472.95100001000
PALLINUP-SE,2629-III-SE,61573.55380000000,234770587.50799999000
HAUL OFF ROCK-NE,2628-IV-NE,61624.18780000000,235122871.95300001000
HAUL OFF ROCK-SE,2628-IV-SE,61675.13500000000,235477335.47700000000
PORT HEDLAND-NW,2657-III-NW,57505.16300000000,206464887.80000001000
PORT HEDLAND-SW,2657-III-SW,57529.21780000000,206632248.30500001000
MOUNT BEASLEY-SW,2647-III-SW,58647.37600000000,214411798.51699999000
GNAWEEDA-NW,2644-IV-NW,58943.93280000000,216475082.85900000000
GABANINTHA-SW,2644-III-SW,59046.74660000000,217190406.76699999000
PAYNESVILLE-NW,2641-IV-NW,59367.47340000000,219421853.09299999000
WARRALAKIN-NW,2635-IV-NW,60318.45620000000,226038285.63600001000
WESTONIA-SW,2635-III-SW,60447.74500000000,226937808.34400001000
TANDAGIN-SW,2634-IV-SW,60535.29140000000,227546909.63299999000
WOGARL-NW,2634-III-NW,60579.47550000000,227854319.22499999000
WOGARL-SW,2634-III-SW,60623.93560000000,228163649.08000001000
LAKE JOY-NW,2630-IV-NW,61227.73940000000,232364594.81700000000
COWALELLUP-NW,2629-IV-NW,61423.51480000000,233726695.93700001000
COWALELLUP-SW,2629-IV-SW,61473.21930000000,234072513.27000001000
PALLINUP-NW,2629-III-NW,61523.23160000000,234420472.10900000000
PALLINUP-SW,2629-III-SW,61573.55360000000,234770585.82100001000
HAUL OFF ROCK-NW,2628-IV-NW,61624.18760000000,235122870.26400000000
HAUL OFF ROCK-SW,2628-IV-SW,61675.13480000000,235477333.78500000000
ABBOTTS-NE,2545-II-NE,58876.50300000000,216005942.33399999000
MEEKATHARRA-NE,2544-I-NE,58943.93290000000,216475083.63699999000
LAKE CAMPION-NE,2535-I-NE,60318.45640000000,226038287.25999999000
MERREDIN-SE,2535-II-SE,60447.74520000000,226937809.97499999000
WADDERIN-SE,2534-II-SE,60623.93530000000,228163646.74399999000
NAREMBEEN-NE,2533-I-NE,60668.67230000000,228474902.99700001000
LAKE GRACE-NE,2531-I-NE,61036.74700000000,231035771.26800001000
KURINGUP-NE,2530-I-NE,61227.73920000000,232364593.14700001000
KURINGUP-SE,2530-I-SE,61276.23020000000,232701967.73600000000
ONGERUP-NE,2530-II-NE,61325.02200000000,233041435.13000000000
ONGERUP-SE,2530-II-SE,61374.11620000000,233383006.46300000000
BORDEN-NE,2529-I-NE,61423.51460000000,233726694.25799999000
BORDEN-SE,2529-I-SE,61473.21930000000,234072513.27000001000
ELLEN PEAK-NE,2529-II-NE,61523.23180000000,234420473.79400000000
ELLEN PEAK-SE,2529-II-SE,61573.55380000000,234770587.50799999000
GREEN RANGE-NE,2528-I-NE,61624.18780000000,235122871.95300001000
GREEN RANGE-SE,2528-I-SE,61675.13500000000,235477335.47700000000
MOUNT MANYPEAKS-NE,2528-II-NE,61726.39770000000,235833993.93099999000
MOUNT MANYPEAKS-SE,2528-II-SE,61777.97760000000,236192859.28999999000
NANNINE-SW,2544-II-SW,59046.74660000000,217190406.76699999000
CULLCULLI-NW,2543-I-NW,59081.46690000000,217431972.15000001000
CULLCULLI-SW,2543-I-SW,59116.41370000000,217675113.40000001000
BONNIE ROCK-NW,2536-I-NW,60149.80060000000,224864869.89500001000
CALCALING-SW,2536-II-SW,60275.89540000000,225742170.22499999000
MERREDIN-SW,2535-II-SW,60447.74500000000,226937808.34400001000
NORPA-NW,2534-I-NW,60491.38180000000,227241409.99000001000
NAREMBEEN-NW,2533-I-NW,60668.67260000000,228474905.33500001000
NAREMBEEN-SW,2533-I-SW,60713.68880000000,228788104.11500001000
BENDERING-SW,2533-II-SW,60804.56400000000,229420365.17199999000
JILAKIN-NW,2532-I-NW,60850.42660000000,229739452.75000000000
LAKE GRACE-NW,2531-I-NW,61036.74680000000,231035769.60800001000
KURINGUP-NW,2530-I-NW,61227.73940000000,232364594.81700000000
KURINGUP-SW,2530-I-SW,61276.23040000000,232701969.40799999000
ONGERUP-NW,2530-II-NW,61325.02220000000,233041436.80500001000
ONGERUP-SW,2530-II-SW,61374.11630000000,233383007.30100000000
BORDEN-NW,2529-I-NW,61423.51460000000,233726694.25700000000
BORDEN-SW,2529-I-SW,61473.21920000000,234072512.42899999000
ELLEN PEAK-NW,2529-II-NW,61523.23160000000,234420472.10900000000
ELLEN PEAK-SW,2529-II-SW,61573.55360000000,234770585.82100001000
GREEN RANGE-NW,2528-I-NW,61624.18760000000,235122870.26400000000
GREEN RANGE-SW,2528-I-SW,61675.13480000000,235477333.78500000000
MOUNT MANYPEAKS-NW,2528-II-NW,61726.39770000000,235833993.93099999000
MOUNT MANYPEAKS-SW,2528-II-SW,61777.97780000000,236192860.98800001000
WIALKI-SE,2537-III-SE,60108.29260000000,224576079.08199999000
MUKINBUDIN-SE,2536-III-SE,60275.89560000000,225742171.84700000000
NUNGARIN-SE,2535-IV-SE,60361.28390000000,226336258.22900000000
NUKARNI-NE,2535-III-NE,60404.37970000000,226636095.88699999000
NUKARNI-SE,2535-III-SE,60447.74510000000,226937809.15900001000
NANGEENAN-NE,2534-IV-NE,60491.38180000000,227241409.99000001000
NANGEENAN-SE,2534-IV-SE,60535.29140000000,227546909.63299999000
BRUCE ROCK-NE,2534-III-NE,60579.47540000000,227854318.40599999000
BRUCE ROCK-SE,2534-III-SE,60623.93520000000,228163646.04899999000
KULIN-SE,2532-IV-SE,60896.57460000000,230060526.25200000000
KUKERIN-SE,2531-IV-SE,61084.05260000000,231364898.20400000000
NYABING-NE,2530-IV-NE,61227.73920000000,232364593.14700001000
NYABING-SE,2530-IV-SE,61276.23020000000,232701967.73600000000
GNOWANGERUP-NE,2530-III-NE,61325.02200000000,233041435.13000000000
GNOWANGERUP-SE,2530-III-SE,61374.11630000000,233383007.30100000000
KEBARINGUP-NE,2529-IV-NE,61423.51480000000,233726695.93700001000
KEBARINGUP-SE,2529-IV-SE,61473.21940000000,234072514.11100000000
CHESTER PASS-NE,2529-III-NE,61523.23180000000,234420473.79400000000
CHESTER PASS-SE,2529-III-SE,61573.55380000000,234770587.50799999000
NOORUBUP-NE,2528-IV-NE,61624.18770000000,235122871.10800001000
NOORUBUP-SE,2528-IV-SE,61675.13480000000,235477333.78500000000
TWO PEOPLES BAY-NE,2528-III-NE,61726.39760000000,235833993.08300000000
TWO PEOPLES BAY-SE,2528-III-SE,61777.97760000000,236192859.28999999000
BREAKSEA-NE,2527-IV-NE,61829.87700000000,236553947.71300000000
MALLINA-SW,2556-III-SW,57627.24980000000,207314302.92100000000
TUCKANARRA-NW,2543-IV-NW,59081.46670000000,217431970.67300001000
WIALKI-SW,2537-III-SW,60108.29270000000,224576079.88900000000
NUNGARIN-SW,2535-IV-SW,60361.28360000000,226336255.90700001000
NUKARNI-NW,2535-III-NW,60404.37960000000,226636094.95400000000
NANGEENAN-NW,2534-IV-NW,60491.38200000000,227241411.62300000000
BRUCE ROCK-SW,2534-III-SW,60623.93540000000,228163647.68799999000
BABAKIN-NW,2533-IV-NW,60668.67260000000,228474905.33500001000
BABAKIN-SW,2533-IV-SW,60713.68870000000,228788103.29300001000
KOOLBERIN-NW,2532-III-NW,60943.00920000000,230383593.24100000000
KUKERIN-SW,2531-IV-SW,61084.05270000000,231364899.17100000000
NYABING-NW,2530-IV-NW,61227.73940000000,232364594.81700000000
NYABING-SW,2530-IV-SW,61276.23030000000,232701968.57200000000
GNOWANGERUP-NW,2530-III-NW,61325.02200000000,233041435.13000000000
GNOWANGERUP-SW,2530-III-SW,61374.11620000000,233383006.46300000000
KEBARINGUP-NW,2529-IV-NW,61423.51460000000,233726694.25799999000
KEBARINGUP-SW,2529-IV-SW,61473.21920000000,234072512.42899999000
CHESTER PASS-NW,2529-III-NW,61523.23160000000,234420472.10900000000
CHESTER PASS-SW,2529-III-SW,61573.55360000000,234770585.82100001000
NOORUBUP-NW,2528-IV-NW,61624.18770000000,235122871.10800001000
NOORUBUP-SW,2528-IV-SW,61675.13500000000,235477335.47700000000
TWO PEOPLES BAY-NW,2528-III-NW,61726.39780000000,235833994.77800000000
TWO PEOPLES BAY-SW,2528-III-SW,61777.97780000000,236192860.98800001000
BREAKSEA-NW,2527-IV-NW,61829.87720000000,236553949.41299999000
CUE-SE,2443-II-SE,59186.99100000000,218166152.72000000000
AUSTIN-NE,2442-I-NE,59222.62360000000,218414065.40200001000
AUSTIN-SE,2442-I-SE,59258.48680000000,218663582.47499999000
BEACON-SE,2437-II-SE,60108.29270000000,224576079.88900000000
BENCUBBIN-NE,2436-II-NE,60233.60040000000,225447904.33800000000
TRAYNING-NE,2435-I-NE,60318.45640000000,226038287.25999999000
TRAYNING-SE,2435-I-SE,60361.28370000000,226336256.72000000000
KODJ KODJIN-NE,2435-II-NE,60404.37960000000,226636094.95400000000
DOODLAKINE-NE,2434-I-NE,60491.38190000000,227241410.68599999000
KWOLYIN-SE,2434-II-SE,60623.93520000000,228163646.04899999000
WOGERLIN-NE,2433-I-NE,60668.67240000000,228474903.69299999000
WOGERLIN-SE,2433-I-SE,60713.68870000000,228788103.29300001000
CORRIGIN-NE,2433-II-NE,60758.98540000000,229103253.76899999000
CORRIGIN-SE,2433-II-SE,60804.56420000000,229420366.81999999000
SEWELL-NE,2432-I-NE,60850.42670000000,229739453.70600000000
SEWELL-SE,2432-I-SE,60896.57470000000,230060526.94800001000
HARRISMITH-NE,2432-II-NE,60943.00930000000,230383594.06900001000
HARRISMITH-SE,2432-II-SE,60989.73280000000,230708671.19999999000
MOULYINNING-SE,2431-I-SE,61084.05240000000,231364896.81299999000
COYRECUP-NE,2430-I-NE,61227.73920000000,232364593.14700001000
COYRECUP-SE,2430-I-SE,61276.23030000000,232701968.57200000000
MARTINUP-NE,2430-II-NE,61325.02220000000,233041436.80500001000
MARTINUP-SE,2430-II-SE,61374.11640000000,233383008.13999999000
TOOLBRUNUP-NE,2429-I-NE,61423.51480000000,233726695.93700001000
TOOLBRUNUP-SE,2429-I-SE,61473.21940000000,234072514.11100000000
MONDURUP-NE,2429-II-NE,61523.23170000000,234420473.09799999000
MONDURUP-SE,2429-II-SE,61573.55380000000,234770587.36100000000
PORONGURUP-NE,2428-I-NE,61624.18760000000,235122870.26400000000
PORONGURUP-SE,2428-I-SE,61675.13480000000,235477333.78500000000
OYSTER HARBOUR-NE,2428-II-NE,61726.39760000000,235833993.08300000000
OYSTER HARBOUR-SE,2428-II-SE,61777.97760000000,236192859.28999999000
ALBANY-NE,2427-I-NE,61829.87700000000,236553947.71300000000
ALBANY-SE,2427-I-SE,61882.09780000000,236917272.26600000000
BALLA BALLA-SW,2456-I-SW,57577.87000000000,206970744.53299999000
TOM PRICE-SW,2452-I-SW,57993.76700000000,209864334.68500000000
MT BENNETT-NW,2452-II-NW,58021.37480000000,210056415.07499999000
CUE-NW,2443-II-NW,59151.58780000000,217919835.90700001000
CUE-SW,2443-II-SW,59186.99080000000,218166151.15200001000
AUSTIN-SW,2442-I-SW,59258.48660000000,218663580.90400001000
LENNONVILLE-SW,2442-II-SW,59330.91090000000,219167470.84799999000
MOUNT MAGNET-NW,2441-I-NW,59367.47370000000,219421855.36600000000
BEACON-SW,2437-II-SW,60108.29260000000,224576079.08199999000
BENCUBBIN-NW,2436-II-NW,60233.60020000000,225447902.71799999000
TRAYNING-NW,2435-I-NW,60318.45620000000,226038285.63600001000
DOODLAKINE-NW,2434-I-NW,60491.38220000000,227241413.01499999000
KWOLYIN-SW,2434-II-SW,60623.93530000000,228163646.86800000000
WOGERLIN-NW,2433-I-NW,60668.67240000000,228474903.69299999000
WOGERLIN-SW,2433-I-SW,60713.68860000000,228788102.47000000000
CORRIGIN-NW,2433-II-NW,60758.98520000000,229103252.12200001000
CORRIGIN-SW,2433-II-SW,60804.56400000000,229420365.17199999000
SEWELL-NW,2432-I-NW,60850.42640000000,229739451.35900000000
SEWELL-SW,2432-I-SW,60896.57460000000,230060525.99100000000
HARRISMITH-NW,2432-II-NW,60943.00930000000,230383594.06900001000
HARRISMITH-SW,2432-II-SW,60989.73300000000,230708672.85800001000
DATATINE-NW,2431-II-NW,61131.65240000000,231696072.56999999000
COYRECUP-NW,2430-I-NW,61227.73940000000,232364594.67800000000
COYRECUP-SW,2430-I-SW,61276.23020000000,232701967.73600000000
MARTINUP-NW,2430-II-NW,61325.02200000000,233041435.13000000000
MARTINUP-SW,2430-II-SW,61374.11620000000,233383006.46300000000
TOOLBRUNUP-NW,2429-I-NW,61423.51460000000,233726694.25700000000
TOOLBRUNUP-SW,2429-I-SW,61473.21920000000,234072512.42899999000
MONDURUP-NW,2429-II-NW,61523.23140000000,234420470.71799999000
MONDURUP-SW,2429-II-SW,61573.55390000000,234770588.05599999000
PORONGURUP-NW,2428-I-NW,61624.18770000000,235122871.25799999000
PORONGURUP-SW,2428-I-SW,61675.13510000000,235477336.17300001000
OYSTER HARBOUR-NW,2428-II-NW,61726.39780000000,235833994.77800000000
OYSTER HARBOUR-SW,2428-II-SW,61777.97780000000,236192860.98800001000
ALBANY-NW,2427-I-NW,61829.87710000000,236553948.56299999000
MOUNT LIONEL-SE,2452-IV-SE,57993.76680000000,209864333.17699999000
PARABURDOO-SE,2451-IV-SE,58105.36950000000,210640805.46799999000
BIG BELL-NE,2443-III-NE,59151.58800000000,217919837.47299999000
YOWERAGABBIE-SE,2441-IV-SE,59404.27160000000,219677875.39800000000
LAKE WALLAMBIN-NE,2436-III-NE,60233.60040000000,225447904.33800000000
YELBENI-SE,2435-IV-SE,60361.28360000000,226336255.90700001000
KELLERBERRIN-NE,2434-IV-NE,60491.38200000000,227241411.38100001000
KELLERBERRIN-SE,2434-IV-SE,60535.29140000000,227546909.63299999000
PANTAPIN-SE,2434-III-SE,60623.93530000000,228163646.86800000000
PIKARING-NE,2433-IV-NE,60668.67260000000,228474905.33500001000
PIKARING-SE,2433-IV-SE,60713.68880000000,228788104.11500001000
LOMOS-NE,2433-III-NE,60758.98540000000,229103253.76899999000
LOMOS-SE,2433-III-SE,60804.56420000000,229420366.81999999000
MALYALLING-NE,2432-IV-NE,60850.42650000000,229739452.18399999000
MALYALLING-SE,2432-IV-SE,60896.57450000000,230060525.29499999000
TOOLIBIN-NE,2432-III-NE,60943.00930000000,230383593.93700001000
TOOLIBIN-SE,2432-III-SE,60989.73280000000,230708671.19999999000
DUMBLEYUNG-NE,2431-III-NE,61131.65220000000,231696070.90500000000
KATANNING-NE,2430-IV-NE,61227.73950000000,232364595.37400001000
KATANNING-SE,2430-IV-SE,61276.23040000000,232701969.40799999000
BROOMEHILL-NE,2430-III-NE,61325.02220000000,233041436.80500001000
BROOMEHILL-SE,2430-III-SE,61374.11640000000,233383008.13999999000
TAMBELLUP-NE,2429-IV-NE,61423.51480000000,233726695.93700001000
TAMBELLUP-SE,2429-IV-SE,61473.21930000000,234072513.27000001000
TENTERDEN-NE,2429-III-NE,61523.23140000000,234420470.71799999000
TENTERDEN-SE,2429-III-SE,61573.55380000000,234770587.21300000000
MOUNT BARKER-NE,2428-IV-NE,61624.18740000000,235122868.87200001000
MOUNT BARKER-SE,2428-IV-SE,61675.13500000000,235477335.17600000000
REDMOND-NE,2428-III-NE,61726.39750000000,235833992.38699999000
REDMOND-SE,2428-III-SE,61777.97770000000,236192859.98600000000
TORBAY-NE,2427-IV-NE,61829.87710000000,236553948.56299999000
TORBAY-SE,2427-IV-SE,61882.09800000000,236917273.96799999000
LAKE WALLAMBIN-NW,2436-III-NW,60233.60020000000,225447902.71799999000
KELLERBERRIN-NW,2434-IV-NW,60491.38220000000,227241413.01499999000
KELLERBERRIN-SW,2434-IV-SW,60535.29150000000,227546910.45100001000
PANTAPIN-SW,2434-III-SW,60623.93520000000,228163646.04899999000
PIKARING-NW,2433-IV-NW,60668.67240000000,228474903.69299999000
PIKARING-SW,2433-IV-SW,60713.68860000000,228788102.47000000000
LOMOS-NW,2433-III-NW,60758.98520000000,229103252.12200001000
LOMOS-SW,2433-III-SW,60804.56400000000,229420365.17199999000
MALYALLING-NW,2432-IV-NW,60850.42650000000,229739452.18399999000
MALYALLING-SW,2432-IV-SW,60896.57460000000,230060526.25200000000
TOOLIBIN-NW,2432-III-NW,60943.00960000000,230383596.28799999000
TOOLIBIN-SW,2432-III-SW,60989.73300000000,230708672.85800001000
KATANNING-NW,2430-IV-NW,61227.73940000000,232364594.53900000000
KATANNING-SW,2430-IV-SW,61276.23020000000,232701967.73600000000
BROOMEHILL-NW,2430-III-NW,61325.02200000000,233041435.13000000000
BROOMEHILL-SW,2430-III-SW,61374.11620000000,233383006.46300000000
TAMBELLUP-NW,2429-IV-NW,61423.51460000000,233726694.25799999000
TAMBELLUP-SW,2429-IV-SW,61473.21930000000,234072513.27000001000
TENTERDEN-NW,2429-III-NW,61523.23160000000,234420472.40200001000
TENTERDEN-SW,2429-III-SW,61573.55400000000,234770588.90000001000
MOUNT BARKER-NW,2428-IV-NW,61624.18760000000,235122870.56200001000
MOUNT BARKER-SW,2428-IV-SW,61675.13520000000,235477336.86899999000
REDMOND-NW,2428-III-NW,61726.39750000000,235833992.53900000000
REDMOND-SW,2428-III-SW,61777.97780000000,236192860.68200001000
TORBAY-NW,2427-IV-NW,61829.87700000000,236553947.71300000000
TORBAY-SW,2427-IV-SW,61882.09780000000,236917272.26600000000
KOORDA-NE,2336-II-NE,60233.60030000000,225447903.52800000000
KOORDA-SE,2336-II-SE,60275.89560000000,225742171.61700001000
WYALKATCHEM-NE,2335-I-NE,60318.45620000000,226038285.63600001000
WYALKATCHEM-SE,2335-I-SE,60361.28360000000,226336255.90700001000
TAMMIN-SE,2334-I-SE,60535.29150000000,227546910.45100001000
YOUNDEGIN-SE,2334-II-SE,60623.93540000000,228163647.68799999000
QUAIRADING-NE,2333-I-NE,60668.67260000000,228474905.33500001000
QUAIRADING-SE,2333-I-SE,60713.68880000000,228788104.11500001000
MEARS-NE,2333-II-NE,60758.98540000000,229103253.76899999000
MEARS-SE,2333-II-SE,60804.56410000000,229420365.99599999000
WOYERLING-NE,2332-I-NE,60850.42640000000,229739451.35900000000
WOYERLING-SE,2332-I-SE,60896.57440000000,230060524.59900001000
YILLIMINNING-NE,2332-II-NE,60943.00940000000,230383594.63299999000
YILLIMINNING-SE,2332-II-SE,60989.73280000000,230708671.19999999000
PIESSEVILLE-NE,2331-I-NE,61036.74680000000,231035769.60800001000
PIESSEVILLE-SE,2331-I-SE,61084.05240000000,231364896.81299999000
WAGIN-NE,2331-II-NE,61131.65230000000,231696071.73800001000
WAGIN-SE,2331-II-SE,61179.54720000000,232029299.11800000000
WOODANILLING-NE,2330-I-NE,61227.73960000000,232364596.20899999000
WOODANILLING-SE,2330-I-SE,61276.23040000000,232701969.40799999000
CARLECATUP-NE,2330-II-NE,61325.02220000000,233041436.80500001000
CARLECATUP-SE,2330-II-SE,61374.11630000000,233383007.30100000000
WARRENUP-NE,2329-I-NE,61423.51460000000,233726694.25700000000
WARRENUP-SE,2329-I-SE,61473.21920000000,234072512.42899999000
GEEKABEE-NE,2329-II-NE,61523.23140000000,234420470.71799999000
GEEKABEE-SE,2329-II-SE,61573.55380000000,234770587.21300000000
KWORNICUP-NE,2328-I-NE,61624.18740000000,235122868.87200001000
KWORNICUP-SE,2328-I-SE,61675.13500000000,235477335.17600000000
DENMARK-NE,2328-II-NE,61726.39750000000,235833992.53900000000
DENMARK-SE,2328-II-SE,61777.97800000000,236192862.37900001000
RATCLIFFE-NE,2327-I-NE,61829.87720000000,236553949.41299999000
LAKE O'GRADY-SW,2337-II-SW,60108.29280000000,224576080.47400001000
WYALKATCHEM-SW,2335-I-SW,60361.28380000000,226336257.53400001000
YOUNDEGIN-NW,2334-II-NW,60579.47540000000,227854318.40599999000
QUAIRADING-NW,2333-I-NW,60668.67240000000,228474903.69299999000
QUAIRADING-SW,2333-I-SW,60713.68860000000,228788102.47000000000
MEARS-NW,2333-II-NW,60758.98520000000,229103252.12200001000
MEARS-SW,2333-II-SW,60804.56410000000,229420365.99599999000
WOYERLING-NW,2332-I-NW,60850.42660000000,229739453.00999999000
WOYERLING-SW,2332-I-SW,60896.57460000000,230060526.25200000000
YILLIMINNING-NW,2332-II-NW,60943.00960000000,230383596.28799999000
YILLIMINNING-SW,2332-II-SW,60989.73300000000,230708672.85800001000
PIESSEVILLE-NW,2331-I-NW,61036.74690000000,231035770.43799999000
PIESSEVILLE-SW,2331-I-SW,61084.05240000000,231364896.81299999000
WAGIN-NW,2331-II-NW,61131.65220000000,231696070.90500000000
WAGIN-SW,2331-II-SW,61179.54700000000,232029297.45100001000
WOODANILLING-NW,2330-I-NW,61227.73940000000,232364594.53900000000
WOODANILLING-SW,2330-I-SW,61276.23020000000,232701967.73600000000
CARLECATUP-NW,2330-II-NW,61325.02200000000,233041435.13000000000
CARLECATUP-SW,2330-II-SW,61374.11630000000,233383007.30100000000
WARRENUP-NW,2329-I-NW,61423.51480000000,233726695.93700001000
WARRENUP-SW,2329-I-SW,61473.21940000000,234072514.11100000000
GEEKABEE-NW,2329-II-NW,61523.23160000000,234420472.40200001000
GEEKABEE-SW,2329-II-SW,61573.55400000000,234770588.90000001000
KWORNICUP-NW,2328-I-NW,61624.18760000000,235122870.56200001000
KWORNICUP-SW,2328-I-SW,61675.13500000000,235477335.32699999000
DENMARK-NW,2328-II-NW,61726.39750000000,235833992.38699999000
DENMARK-SW,2328-II-SW,61777.97780000000,236192860.68200001000
RATCLIFFE-NW,2327-I-NW,61829.87700000000,236553947.71300000000
POINT SAMSON-NE,2356-IV-NE,57553.45320000000,206800865.32800001000
POINT SAMSON-SE,2356-IV-SE,57577.86970000000,206970742.34999999000
ROEBOURNE-NE,2356-III-NE,57602.46850000000,207141887.76600000000
KALANNIE-SE,2337-III-SE,60108.29300000000,224576082.08800000000
KOKARDINE-NE,2336-IV-NE,60149.80030000000,224864867.69499999000
KOKARDINE-SE,2336-IV-SE,60191.56920000000,225155473.37500000000
CADOUX-NE,2336-III-NE,60233.60020000000,225447902.71799999000
DOWERIN-SE,2335-IV-SE,60361.28360000000,226336255.90700001000
CUNDERDIN-SE,2334-IV-SE,60535.29180000000,227546912.66000000000
BALKULING-NE,2334-III-NE,60579.47560000000,227854320.04400000000
BALKULING-SE,2334-III-SE,60623.93540000000,228163647.68799999000
QUAJABIN-NE,2333-IV-NE,60668.67260000000,228474905.33500001000
QUAJABIN-SE,2333-IV-SE,60713.68870000000,228788103.29300001000
BROOKTON-NE,2333-III-NE,60758.98520000000,229103252.12200001000
BROOKTON-SE,2333-III-SE,60804.56400000000,229420365.17199999000
PINGELLY-NE,2332-IV-NE,60850.42640000000,229739451.35900000000
PINGELLY-SE,2332-IV-SE,60896.57440000000,230060524.59900001000
NARROGIN-NE,2332-III-NE,60943.00940000000,230383594.63299999000
NARROGIN-SE,2332-III-SE,60989.73280000000,230708671.19999999000
HIGHBURY-NE,2331-IV-NE,61036.74680000000,231035769.74200001000
HIGHBURY-SE,2331-IV-SE,61084.05270000000,231364899.17100000000
EAST ARTHUR-NE,2331-III-NE,61131.65240000000,231696072.56999999000
EAST ARTHUR-SE,2331-III-SE,61179.54720000000,232029299.11800000000
BOSCABEL-NE,2330-IV-NE,61227.73950000000,232364595.51300001000
BOSCABEL-SE,2330-IV-SE,61276.23050000000,232701970.10400000000
KOJONUP-NE,2330-III-NE,61325.02210000000,233041435.96700001000
KOJONUP-SE,2330-III-SE,61374.11620000000,233383006.46300000000
UANNUP-NE,2329-IV-NE,61423.51460000000,233726694.25799999000
UANNUP-SE,2329-IV-SE,61473.21920000000,234072512.42899999000
CYBELUP-NE,2329-III-NE,61523.23140000000,234420470.71799999000
CYBELUP-SE,2329-III-SE,61573.55380000000,234770587.21300000000
ROCKY GULLY-NE,2328-IV-NE,61624.18740000000,235122868.87200001000
ROCKY GULLY-SE,2328-IV-SE,61675.13490000000,235477334.63100001000
OWINGUP-NE,2328-III-NE,61726.39780000000,235833994.77800000000
OWINGUP-SE,2328-III-SE,61777.97800000000,236192862.37900001000
PARRY INLET-NE,2327-IV-NE,61829.87720000000,236553949.41299999000
KALANNIE-NW,2337-III-NW,60067.04470000000,224289098.13200000000
CADOUX-NW,2336-III-NW,60233.60050000000,225447905.03400001000
CADOUX-SW,2336-III-SW,60275.89580000000,225742173.23899999000
DOWERIN-NW,2335-IV-NW,60318.45640000000,226038287.25999999000
DOWERIN-SW,2335-IV-SW,60361.28380000000,226336257.53400001000
CUNDERDIN-NW,2334-IV-NW,60491.38180000000,227241409.99000001000
CUNDERDIN-SW,2334-IV-SW,60535.29160000000,227546911.02500001000
BALKULING-SW,2334-III-SW,60623.93520000000,228163646.04899999000
QUAJABIN-NW,2333-IV-NW,60668.67240000000,228474903.69299999000
QUAJABIN-SW,2333-IV-SW,60713.68870000000,228788103.29300001000
BROOKTON-NW,2333-III-NW,60758.98540000000,229103253.76899999000
BROOKTON-SW,2333-III-SW,60804.56420000000,229420366.81999999000
PINGELLY-NW,2332-IV-NW,60850.42660000000,229739453.00999999000
PINGELLY-SW,2332-IV-SW,60896.57460000000,230060526.25200000000
NARROGIN-NW,2332-III-NW,60943.00960000000,230383596.28799999000
NARROGIN-SW,2332-III-SW,60989.73290000000,230708672.02900001000
HIGHBURY-NW,2331-IV-NW,61036.74660000000,231035768.21599999000
HIGHBURY-SW,2331-IV-SW,61084.05260000000,231364898.20400000000
EAST ARTHUR-NW,2331-III-NW,61131.65220000000,231696070.90500000000
EAST ARTHUR-SW,2331-III-SW,61179.54700000000,232029297.45100001000
BOSCABEL-NW,2330-IV-NW,61227.73920000000,232364593.14700001000
BOSCABEL-SW,2330-IV-SW,61276.23040000000,232701969.12700000000
KOJONUP-NW,2330-III-NW,61325.02210000000,233041435.96700001000
KOJONUP-SW,2330-III-SW,61374.11640000000,233383008.13999999000
UANNUP-NW,2329-IV-NW,61423.51480000000,233726695.93700001000
UANNUP-SW,2329-IV-SW,61473.21940000000,234072514.11100000000
CYBELUP-NW,2329-III-NW,61523.23160000000,234420472.40200001000
CYBELUP-SW,2329-III-SW,61573.55390000000,234770588.05599999000
ROCKY GULLY-NW,2328-IV-NW,61624.18740000000,235122868.87200001000
ROCKY GULLY-SW,2328-IV-SW,61675.13480000000,235477333.78500000000
OWINGUP-NW,2328-III-NW,61726.39760000000,235833993.08300000000
OWINGUP-SW,2328-III-SW,61777.97780000000,236192860.68200001000
PARRY INLET-NW,2327-IV-NW,61829.87700000000,236553947.71300000000
NICKOL BAY-SE,2256-I-SE,57577.86990000000,206970743.83700001000
KARRATHA-NE,2256-II-NE,57602.46860000000,207141888.50999999000
ROTHSAY-NE,2239-II-NE,59746.24760000000,222057162.52599999000
BOTHERLING-NE,2235-I-NE,60318.45620000000,226038285.63600001000
BOTHERLING-SE,2235-I-SE,60361.28360000000,226336255.90700001000
GOOMALLING-NE,2235-II-NE,60404.37950000000,226636094.37700000000
GOOMALLING-SE,2235-II-SE,60447.74520000000,226937809.97499999000
GRASS VALLEY-NE,2234-I-NE,60491.38200000000,227241411.62300000000
GRASS VALLEY-SE,2234-I-SE,60535.29180000000,227546912.66000000000
YORK-NE,2234-II-NE,60579.47560000000,227854320.04400000000
YORK-SE,2234-II-SE,60623.93530000000,228163646.86800000000
BEVERLEY-NE,2233-I-NE,60668.67240000000,228474903.69299999000
BEVERLEY-SE,2233-I-SE,60713.68860000000,228788102.47000000000
YOURALING-NE,2233-II-NE,60758.98520000000,229103252.12200001000
YOURALING-SE,2233-II-SE,60804.56400000000,229420365.17199999000
DATTENING-NE,2232-I-NE,60850.42640000000,229739451.35900000000
DATTENING-SE,2232-I-SE,60896.57440000000,230060524.59900001000
CONGELIN-NE,2232-II-NE,60943.00940000000,230383594.63299999000
CONGELIN-SE,2232-II-SE,60989.73290000000,230708672.02900001000
WILLIAMS-NE,2231-I-NE,61036.74680000000,231035769.87599999000
WILLIAMS-SE,2231-I-SE,61084.05280000000,231364899.86700001000
HILLMAN-NE,2231-II-NE,61131.65240000000,231696072.56999999000
HILLMAN-SE,2231-II-SE,61179.54720000000,232029299.11800000000
MOODIARRUP-NE,2230-I-NE,61227.73930000000,232364593.98199999000
MOODIARRUP-SE,2230-I-SE,61276.23040000000,232701969.12700000000
QUALEUP-NE,2230-II-NE,61325.02200000000,233041435.13000000000
QUALEUP-SE,2230-II-SE,61374.11620000000,233383006.46300000000
LAKE CLABBURN-NE,2229-I-NE,61423.51460000000,233726694.25700000000
LAKE CLABBURN-SE,2229-I-SE,61473.21920000000,234072512.42899999000
QUINDINUP-NE,2229-II-NE,61523.23140000000,234420470.71799999000
QUINDINUP-SE,2229-II-SE,61573.55390000000,234770588.05599999000
MOUNT ROE-NE,2228-I-NE,61624.18760000000,235122870.56200001000
MOUNT ROE-SE,2228-I-SE,61675.13500000000,235477335.47700000000
MOUNT FRANKLAND-NE,2228-II-NE,61726.39780000000,235833994.77800000000
MOUNT FRANKLAND-SE,2228-II-SE,61777.97800000000,236192862.37900001000
RAME HEAD-NE,2227-I-NE,61829.87710000000,236553948.56299999000
NICKOL BAY-SW,2256-I-SW,57577.86980000000,206970743.04499999000
KARRATHA-NW,2256-II-NW,57602.46840000000,207141887.02100000000
NOONGAL-SW,2241-I-SW,59404.27180000000,219677876.78900000000
BALLIDU-SW,2236-I-SW,60191.56920000000,225155473.60100001000
BOTHERLING-NW,2235-I-NW,60318.45630000000,226038286.44800001000
BOTHERLING-SW,2235-I-SW,60361.28360000000,226336255.90700001000
GOOMALLING-NW,2235-II-NW,60404.37940000000,226636093.56299999000
GOOMALLING-SW,2235-II-SW,60447.74500000000,226937808.34400001000
GRASS VALLEY-NW,2234-I-NW,60491.38180000000,227241409.99000001000
GRASS VALLEY-SW,2234-I-SW,60535.29160000000,227546911.02500001000
YORK-NW,2234-II-NW,60579.47540000000,227854318.40599999000
YORK-SW,2234-II-SW,60623.93530000000,228163646.86800000000
BEVERLEY-NW,2233-I-NW,60668.67260000000,228474905.33500001000
BEVERLEY-SW,2233-I-SW,60713.68880000000,228788104.11500001000
YOURALING-NW,2233-II-NW,60758.98540000000,229103253.76899999000
YOURALING-SW,2233-II-SW,60804.56410000000,229420366.12500000000
DATTENING-NW,2232-I-NW,60850.42670000000,229739453.70600000000
DATTENING-SW,2232-I-SW,60896.57450000000,230060525.42600000000
CONGELIN-NW,2232-II-NW,60943.00940000000,230383594.63299999000
CONGELIN-SW,2232-II-SW,60989.73280000000,230708671.19999999000
WILLIAMS-NW,2231-I-NW,61036.74660000000,231035768.21599999000
WILLIAMS-SW,2231-I-SW,61084.05260000000,231364898.20400000000
HILLMAN-NW,2231-II-NW,61131.65220000000,231696070.90500000000
HILLMAN-SW,2231-II-SW,61179.54700000000,232029297.45100001000
MOODIARRUP-NW,2230-I-NW,61227.73930000000,232364593.98199999000
MOODIARRUP-SW,2230-I-SW,61276.23060000000,232701970.79899999000
QUALEUP-NW,2230-II-NW,61325.02220000000,233041436.80500001000
QUALEUP-SW,2230-II-SW,61374.11640000000,233383008.13999999000
LAKE CLABBURN-NW,2229-I-NW,61423.51480000000,233726695.93700001000
LAKE CLABBURN-SW,2229-I-SW,61473.21930000000,234072513.41499999000
QUINDINUP-NW,2229-II-NW,61523.23160000000,234420472.25600001000
QUINDINUP-SW,2229-II-SW,61573.55380000000,234770587.21300000000
MOUNT ROE-NW,2228-I-NW,61624.18740000000,235122868.87200001000
MOUNT ROE-SW,2228-I-SW,61675.13480000000,235477333.78500000000
MOUNT FRANKLAND-NW,2228-II-NW,61726.39760000000,235833993.08300000000
MOUNT FRANKLAND-SW,2228-II-SW,61777.97780000000,236192860.68200001000
RAME HEAD-NW,2227-I-NW,61829.87710000000,236553948.56299999000
DAMPIER-SE,2256-IV-SE,57577.87000000000,206970744.53299999000
YALGOO-NE,2241-III-NE,59441.30660000000,219935545.41999999000
WUBIN-NE,2237-IV-NE,59985.32250000000,223720518.63600001000
WUBIN-SE,2237-IV-SE,60026.05520000000,224003914.99100000000
PITHARA-NE,2237-III-NE,60067.04480000000,224289098.82800001000
PITHARA-SE,2237-III-SE,60108.29280000000,224576080.47400001000
WONGAN HILLS-SE,2236-III-SE,60275.89560000000,225742171.61700001000
MORTLOCK RIVER-NE,2235-IV-NE,60318.45630000000,226038286.44800001000
MORTLOCK RIVER-SE,2235-IV-SE,60361.28380000000,226336257.53400001000
JENNACUBBINE-NE,2235-III-NE,60404.37960000000,226636095.19200000000
JENNACUBBINE-SE,2235-III-SE,60447.74520000000,226937809.97499999000
NORTHAM-NE,2234-IV-NE,60491.38200000000,227241411.62300000000
NORTHAM-SE,2234-IV-SE,60535.29180000000,227546912.66000000000
MOUNT OBSERVATION-NE,2234-III-NE,60579.47550000000,227854319.22499999000
MOUNT OBSERVATION-SE,2234-III-SE,60623.93520000000,228163646.04899999000
COOLARING-NE,2233-IV-NE,60668.67240000000,228474903.69299999000
COOLARING-SE,2233-IV-SE,60713.68850000000,228788101.77500001000
LUPTONS-NE,2233-III-NE,60758.98520000000,229103252.12200001000
LUPTONS-SE,2233-III-SE,60804.56390000000,229420364.47600001000
WANDERING-NE,2232-IV-NE,60850.42660000000,229739452.75000000000
WANDERING-SE,2232-IV-SE,60896.57450000000,230060525.42600000000
DWARDA-NE,2232-III-NE,60943.00960000000,230383596.28799999000
DWARDA-SE,2232-III-SE,60989.73300000000,230708672.85800001000
QUINDANNING-NE,2231-IV-NE,61036.74680000000,231035769.87599999000
QUINDANNING-SE,2231-IV-SE,61084.05280000000,231364899.86700001000
DARKAN-NE,2231-III-NE,61131.65230000000,231696071.73800001000
DARKAN-SE,2231-III-SE,61179.54700000000,232029297.45100001000
BLACKWOOD RIVER-NE,2230-IV-NE,61227.73920000000,232364593.14700001000
BLACKWOOD RIVER-SE,2230-IV-SE,61276.23040000000,232701969.12700000000
DINNINUP-NE,2230-III-NE,61325.02200000000,233041435.13000000000
DINNINUP-SE,2230-III-SE,61374.11620000000,233383006.46300000000
TONEBRIDGE-NE,2229-IV-NE,61423.51460000000,233726694.25799999000
TONEBRIDGE-SE,2229-IV-SE,61473.21900000000,234072511.03700000000
LAKE MUIR-NE,2229-III-NE,61523.23170000000,234420472.95100001000
LAKE MUIR-SE,2229-III-SE,61573.55400000000,234770588.90000001000
MOUNT JOHNSTON-NE,2228-IV-NE,61624.18760000000,235122870.56200001000
MOUNT JOHNSTON-SE,2228-IV-SE,61675.13500000000,235477335.47700000000
DEEP RIVER-NE,2228-III-NE,61726.39780000000,235833994.77800000000
DEEP RIVER-SE,2228-III-SE,61777.97790000000,236192861.53099999000
SADDLE ISLAND-NE,2227-IV-NE,61829.87700000000,236553947.71300000000
BUNTINE-NW,2238-III-NW,59904.62280000000,223159052.93599999000
BUNTINE-SW,2238-III-SW,59944.84550000000,223438901.09000000000
WUBIN-NW,2237-IV-NW,59985.32260000000,223720519.33199999000
MORTLOCK RIVER-NW,2235-IV-NW,60318.45620000000,226038285.63600001000
MORTLOCK RIVER-SW,2235-IV-SW,60361.28360000000,226336255.90700001000
JENNACUBBINE-NW,2235-III-NW,60404.37940000000,226636093.56299999000
JENNACUBBINE-SW,2235-III-SW,60447.74500000000,226937808.34400001000
NORTHAM-NW,2234-IV-NW,60491.38180000000,227241409.99000001000
NORTHAM-SW,2234-IV-SW,60535.29160000000,227546911.02500001000
MOUNT OBSERVATION-NW,2234-III-NW,60579.47550000000,227854319.22499999000
MOUNT OBSERVATION-SW,2234-III-SW,60623.93540000000,228163647.68799999000
COOLARING-NW,2233-IV-NW,60668.67260000000,228474905.33500001000
COOLARING-SW,2233-IV-SW,60713.68860000000,228788102.72299999000
LUPTONS-NW,2233-III-NW,60758.98540000000,229103253.76899999000
LUPTONS-SW,2233-III-SW,60804.56410000000,229420365.99599999000
WANDERING-NW,2232-IV-NW,60850.42660000000,229739452.75000000000
WANDERING-SW,2232-IV-SW,60896.57440000000,230060524.59900001000
DWARDA-NW,2232-III-NW,60943.00940000000,230383594.63299999000
DWARDA-SW,2232-III-SW,60989.73280000000,230708671.19999999000
QUINDANNING-NW,2231-IV-NW,61036.74660000000,231035768.21599999000
QUINDANNING-SW,2231-IV-SW,61084.05260000000,231364898.20400000000
DARKAN-NW,2231-III-NW,61131.65230000000,231696071.73800001000
DARKAN-SW,2231-III-SW,61179.54720000000,232029299.11800000000
BLACKWOOD RIVER-NW,2230-IV-NW,61227.73940000000,232364594.81700000000
BLACKWOOD RIVER-SW,2230-IV-SW,61276.23060000000,232701970.79899999000
DINNINUP-NW,2230-III-NW,61325.02220000000,233041436.80500001000
DINNINUP-SW,2230-III-SW,61374.11640000000,233383008.13999999000
TONEBRIDGE-NW,2229-IV-NW,61423.51470000000,233726695.09700000000
TONEBRIDGE-SW,2229-IV-SW,61473.21900000000,234072511.03700000000
LAKE MUIR-NW,2229-III-NW,61523.23160000000,234420472.10900000000
LAKE MUIR-SW,2229-III-SW,61573.55380000000,234770587.21300000000
MOUNT JOHNSTON-NW,2228-IV-NW,61624.18740000000,235122868.87200001000
MOUNT JOHNSTON-SW,2228-IV-SW,61675.13480000000,235477333.78500000000
DEEP RIVER-NW,2228-III-NW,61726.39760000000,235833993.08300000000
DEEP RIVER-SW,2228-III-SW,61777.97790000000,236192861.53099999000
SADDLE ISLAND-NW,2227-IV-NW,61829.87720000000,236553949.41299999000
CARON-SE,2138-I-SE,59864.65320000000,222880965.92699999000
LATHAM-NE,2138-II-NE,59904.62300000000,223159054.53900000000
LATHAM-SE,2138-II-SE,59944.84550000000,223438901.19700000000
PIAWANING-NE,2136-II-NE,60233.60050000000,225447904.91999999000
PIAWANING-SE,2136-II-SE,60275.89580000000,225742173.23899999000
CALINGIRI-NE,2135-I-NE,60318.45640000000,226038287.25999999000
CALINGIRI-SE,2135-I-SE,60361.28380000000,226336257.53400001000
DEWARS POOL-NE,2135-II-NE,60404.37960000000,226636095.19200000000
DEWARS POOL-SE,2135-II-SE,60447.74520000000,226937809.97499999000
TOODYAY-NE,2134-I-NE,60491.38190000000,227241410.80599999000
TOODYAY-SE,2134-I-SE,60535.29160000000,227546911.02500001000
CHIDLOW-NE,2134-II-NE,60579.47540000000,227854318.40599999000
CHIDLOW-SE,2134-II-SE,60623.93520000000,228163646.04899999000
BERAKING-NE,2133-I-NE,60668.67240000000,228474903.69299999000
BERAKING-SE,2133-I-SE,60713.68840000000,228788101.07900000000
YAGANING-NE,2133-II-NE,60758.98520000000,229103252.12200001000
YAGANING-SE,2133-II-SE,60804.56410000000,229420365.99599999000
DUNCAN-NE,2132-I-NE,60850.42680000000,229739454.40099999000
DUNCAN-SE,2132-I-SE,60896.57460000000,230060526.25200000000
MARRADONG-NE,2132-II-NE,60943.00960000000,230383596.28799999000
MARRADONG-SE,2132-II-SE,60989.73300000000,230708672.85800001000
NALYERIN-NE,2131-I-NE,61036.74680000000,231035769.87599999000
NALYERIN-SE,2131-I-SE,61084.05270000000,231364899.03600001000
MUJA-NE,2131-II-NE,61131.65220000000,231696070.90500000000
MUJA-SE,2131-II-SE,61179.54700000000,232029297.45100001000
EVANS-NE,2130-I-NE,61227.73920000000,232364593.14700001000
EVANS-SE,2130-I-SE,61276.23040000000,232701969.12700000000
BOYUP BROOK-NE,2130-II-NE,61325.02200000000,233041435.13000000000
BOYUP BROOK-SE,2130-II-SE,61374.11620000000,233383006.46300000000
YERRAMINNUP-NE,2129-I-NE,61423.51470000000,233726695.09700000000
YERRAMINNUP-SE,2129-I-SE,61473.21920000000,234072512.72000000000
DEESIDE-NE,2129-II-NE,61523.23180000000,234420473.79400000000
DEESIDE-SE,2129-II-SE,61573.55400000000,234770588.90000001000
SHANNON-NE,2128-I-NE,61624.18760000000,235122870.56200001000
SHANNON-SE,2128-I-SE,61675.13490000000,235477334.63100001000
WAINBUP-NE,2128-II-NE,61726.39760000000,235833993.08300000000
WAINBUP-SE,2128-II-SE,61777.97770000000,236192859.98600000000
CHATHAM-NE,2127-I-NE,61829.87710000000,236553948.40900001000
GULLEWA-SW,2140-I-SW,59553.84260000000,220718511.06099999000
PERENJORI-SW,2139-II-SW,59785.46660000000,222330027.46900001000
CARON-NW,2138-I-NW,59824.93460000000,222604624.82200000000
CARON-SW,2138-I-SW,59864.65300000000,222880964.32499999000
CALINGIRI-NW,2135-I-NW,60318.45620000000,226038285.63600001000
CALINGIRI-SW,2135-I-SW,60361.28360000000,226336255.90700001000
DEWARS POOL-NW,2135-II-NW,60404.37940000000,226636093.56299999000
DEWARS POOL-SW,2135-II-SW,60447.74500000000,226937808.34400001000
TOODYAY-NW,2134-I-NW,60491.38190000000,227241410.80599999000
TOODYAY-SW,2134-I-SW,60535.29180000000,227546912.66000000000
CHIDLOW-NW,2134-II-NW,60579.47560000000,227854320.04400000000
CHIDLOW-SW,2134-II-SW,60623.93540000000,228163647.68799999000
BERAKING-NW,2133-I-NW,60668.67260000000,228474905.33500001000
BERAKING-SW,2133-I-SW,60713.68860000000,228788102.72299999000
YAGANING-NW,2133-II-NW,60758.98530000000,229103252.94499999000
YAGANING-SW,2133-II-SW,60804.56400000000,229420365.17199999000
DUNCAN-NW,2132-I-NW,60850.42660000000,229739452.75000000000
DUNCAN-SW,2132-I-SW,60896.57440000000,230060524.59900001000
MARRADONG-NW,2132-II-NW,60943.00940000000,230383594.63299999000
MARRADONG-SW,2132-II-SW,60989.73280000000,230708671.19999999000
NALYERIN-NW,2131-I-NW,61036.74660000000,231035768.21599999000
NALYERIN-SW,2131-I-SW,61084.05270000000,231364899.03600001000
MUJA-NW,2131-II-NW,61131.65240000000,231696072.56999999000
MUJA-SW,2131-II-SW,61179.54720000000,232029299.11800000000
EVANS-NW,2130-I-NW,61227.73940000000,232364594.81700000000
EVANS-SW,2130-I-SW,61276.23060000000,232701970.79899999000
BOYUP BROOK-NW,2130-II-NW,61325.02210000000,233041435.96700001000
BOYUP BROOK-SW,2130-II-SW,61374.11620000000,233383006.46300000000
YERRAMINNUP-NW,2129-I-NW,61423.51460000000,233726694.25700000000
YERRAMINNUP-SW,2129-I-SW,61473.21900000000,234072511.03700000000
DEESIDE-NW,2129-II-NW,61523.23160000000,234420472.10900000000
DEESIDE-SW,2129-II-SW,61573.55380000000,234770587.21300000000
SHANNON-NW,2128-I-NW,61624.18740000000,235122868.87200001000
SHANNON-SW,2128-I-SW,61675.13490000000,235477334.63100001000
WAINBUP-NW,2128-II-NW,61726.39780000000,235833994.77800000000
WAINBUP-SW,2128-II-SW,61777.97780000000,236192860.98800001000
BOWGADA-NE,2139-III-NE,59746.24800000000,222057165.51300001000
WANNAMAL-NE,2135-IV-NE,60318.45640000000,226038287.25999999000
WANNAMAL-SE,2135-IV-SE,60361.28380000000,226336257.53400001000
CHITTERING-NE,2135-III-NE,60404.37950000000,226636094.37700000000
CHITTERING-SE,2135-III-SE,60447.74500000000,226937808.34400001000
JUMPERKINE-NE,2134-IV-NE,60491.38180000000,227241409.99000001000
JUMPERKINE-SE,2134-IV-SE,60535.29160000000,227546911.02500001000
MUNDARING-NE,2134-III-NE,60579.47540000000,227854318.40599999000
MUNDARING-SE,2134-III-SE,60623.93520000000,228163646.04899999000
KELMSCOTT-NE,2133-IV-NE,60668.67240000000,228474903.69299999000
KELMSCOTT-SE,2133-IV-SE,60713.68840000000,228788101.07900000000
JARRAHDALE-NE,2133-III-NE,60758.98530000000,229103252.94499999000
JARRAHDALE-SE,2133-III-SE,60804.56420000000,229420366.81999999000
DWELLINGUP-NE,2132-IV-NE,60850.42680000000,229739454.40099999000
DWELLINGUP-SE,2132-IV-SE,60896.57460000000,230060526.25200000000
NANGA-NE,2132-III-NE,60943.00960000000,230383596.28799999000
NANGA-SE,2132-III-SE,60989.73290000000,230708672.02900001000
TALLANALLA-NE,2131-IV-NE,61036.74660000000,231035768.21599999000
TALLANALLA-SE,2131-IV-SE,61084.05260000000,231364898.20400000000
COLLIE-NE,2131-III-NE,61131.65210000000,231696070.21000001000
COLLIE-SE,2131-III-SE,61179.54710000000,232029298.14700001000
WILGA-NE,2130-IV-NE,61227.73920000000,232364593.14700001000
WILGA-SE,2130-IV-SE,61276.23040000000,232701969.12700000000
BRIDGETOWN-NE,2130-III-NE,61325.02210000000,233041435.96700001000
BRIDGETOWN-SE,2130-III-SE,61374.11640000000,233383008.13999999000
WILGARUP-NE,2129-IV-NE,61423.51480000000,233726695.93700001000
WILGARUP-SE,2129-IV-SE,61473.21920000000,234072512.72000000000
PEMBERTON-NE,2129-III-NE,61523.23180000000,234420473.79400000000
PEMBERTON-SE,2129-III-SE,61573.55390000000,234770588.20400000000
NORTHCLIFFE-NE,2128-IV-NE,61624.18760000000,235122870.41299999000
NORTHCLIFFE-SE,2128-IV-SE,61675.13480000000,235477333.78500000000
GARDNER RIVER-NE,2128-III-NE,61726.39760000000,235833993.08300000000
GARDNER RIVER-SE,2128-III-SE,61777.97760000000,236192859.28999999000
MORAWA-SW,2139-IV-SW,59707.27620000000,221786020.25200000000
BOWGADA-NW,2139-III-NW,59746.24780000000,222057163.91700000000
COOROW-SW,2138-III-SW,59944.84560000000,223438902.00000000000
MARCHAGEE-NW,2137-IV-NW,59985.32280000000,223720520.83199999000
MARCHAGEE-SW,2137-IV-SW,60026.05540000000,224003916.60100001000
WATHEROO-NW,2137-III-NW,60067.04500000000,224289100.43900001000
WALEBING-NW,2136-IV-NW,60149.80040000000,224864868.27900001000
WALEBING-SW,2136-IV-SW,60191.56900000000,225155471.98300001000
NEW NORCIA-NW,2136-III-NW,60233.60040000000,225447904.11000001000
WANNAMAL-NW,2135-IV-NW,60318.45610000000,226038284.94000000000
WANNAMAL-SW,2135-IV-SW,60361.28370000000,226336256.60299999000
CHITTERING-NW,2135-III-NW,60404.37950000000,226636094.37700000000
CHITTERING-SW,2135-III-SW,60447.74520000000,226937809.97499999000
JUMPERKINE-NW,2134-IV-NW,60491.38200000000,227241411.62300000000
JUMPERKINE-SW,2134-IV-SW,60535.29170000000,227546911.96399999000
MUNDARING-NW,2134-III-NW,60579.47570000000,227854320.73899999000
MUNDARING-SW,2134-III-SW,60623.93540000000,228163647.68799999000
KELMSCOTT-NW,2133-IV-NW,60668.67250000000,228474904.51400000000
KELMSCOTT-SW,2133-IV-SW,60713.68840000000,228788101.07900000000
JARRAHDALE-NW,2133-III-NW,60758.98520000000,229103252.12200001000
JARRAHDALE-SW,2133-III-SW,60804.56400000000,229420365.17199999000
DWELLINGUP-NW,2132-IV-NW,60850.42660000000,229739452.75000000000
DWELLINGUP-SW,2132-IV-SW,60896.57440000000,230060524.59900001000
NANGA-NW,2132-III-NW,60943.00930000000,230383593.93700001000
NANGA-SW,2132-III-SW,60989.73300000000,230708672.72499999000
TALLANALLA-NW,2131-IV-NW,61036.74680000000,231035769.87599999000
TALLANALLA-SW,2131-IV-SW,61084.05280000000,231364899.86700001000
COLLIE-NW,2131-III-NW,61131.65220000000,231696071.17899999000
COLLIE-SW,2131-III-SW,61179.54740000000,232029300.50999999000
WILGA-NW,2130-IV-NW,61227.73940000000,232364594.81700000000
WILGA-SW,2130-IV-SW,61276.23050000000,232701969.96300000000
BRIDGETOWN-NW,2130-III-NW,61325.02200000000,233041435.13000000000
BRIDGETOWN-SW,2130-III-SW,61374.11620000000,233383006.46300000000
WILGARUP-NW,2129-IV-NW,61423.51460000000,233726694.25799999000
WILGARUP-SW,2129-IV-SW,61473.21900000000,234072511.03700000000
PEMBERTON-NW,2129-III-NW,61523.23160000000,234420472.10900000000
PEMBERTON-SW,2129-III-SW,61573.55360000000,234770585.82100001000
NORTHCLIFFE-NW,2128-IV-NW,61624.18770000000,235122871.10800001000
NORTHCLIFFE-SW,2128-IV-SW,61675.13500000000,235477335.47700000000
GARDNER RIVER-NW,2128-III-NW,61726.39780000000,235833994.77800000000
CANNA-SE,2040-II-SE,59630.07180000000,221248873.29600000000
PINTHARUKA-NE,2039-I-NE,59668.55160000000,221516595.28099999000
CARNAMAH-SE,2038-I-SE,59864.65300000000,222880964.32499999000
LAKE DALAROO-NE,2036-I-NE,60149.80060000000,224864869.89500001000
LAKE DALAROO-SE,2036-I-SE,60191.56920000000,225155473.60100001000
MINDARRA-NE,2035-I-NE,60318.45620000000,226038285.86899999000
MINDARRA-SE,2035-I-SE,60361.28390000000,226336258.11199999000
GINGIN-NE,2035-II-NE,60404.37940000000,226636093.56299999000
GINGIN-SE,2035-II-SE,60447.74500000000,226937808.34400001000
MUCHEA-NE,2034-I-NE,60491.38180000000,227241409.99000001000
MUCHEA-SE,2034-I-SE,60535.29140000000,227546909.63299999000
PERTH-NE,2034-II-NE,60579.47560000000,227854319.79800001000
PERTH-SE,2034-II-SE,60623.93520000000,228163646.04899999000
FREMANTLE-NE,2033-I-NE,60668.67250000000,228474904.51400000000
FREMANTLE-SE,2033-I-SE,60713.68860000000,228788102.72299999000
WELLARD-NE,2033-II-NE,60758.98540000000,229103253.76899999000
WELLARD-SE,2033-II-SE,60804.56420000000,229420366.81999999000
PINJARRA-NE,2032-I-NE,60850.42680000000,229739454.40099999000
PINJARRA-SE,2032-I-SE,60896.57450000000,230060525.42600000000
HAMEL-NE,2032-II-NE,60943.00920000000,230383593.24100000000
HAMEL-SE,2032-II-SE,60989.73300000000,230708672.59099999000
HARVEY-NE,2031-I-NE,61036.74660000000,231035768.21599999000
HARVEY-SE,2031-I-SE,61084.05260000000,231364898.20400000000
BUREKUP-NE,2031-II-NE,61131.65200000000,231696069.51400000000
BUREKUP-SE,2031-II-SE,61179.54720000000,232029298.84200001000
DONNYBROOK-NE,2030-I-NE,61227.73920000000,232364593.14700001000
DONNYBROOK-SE,2030-I-SE,61276.23050000000,232701969.96300000000
BALINGUP-NE,2030-II-NE,61325.02220000000,233041436.80500001000
BALINGUP-SE,2030-II-SE,61374.11640000000,233383008.13999999000
CARLOTTA BROOK-NE,2029-I-NE,61423.51480000000,233726695.93700001000
CARLOTTA BROOK-SE,2029-I-SE,61473.21920000000,234072512.72000000000
CHARNWOOD-NE,2029-II-NE,61523.23170000000,234420472.95100001000
CHARNWOOD-SE,2029-II-SE,61573.55360000000,234770585.82100001000
MEERUP-NE,2028-I-NE,61624.18760000000,235122870.26400000000
MEERUP-SE,2028-I-SE,61675.13480000000,235477333.78500000000
BLACK HEAD-NE,2028-II-NE,61726.39760000000,235833993.08300000000
PINDAR-SW,2041-II-SW,59478.57910000000,220194867.55800000000
CANNA-NW,2040-II-NW,59591.83580000000,220982847.34500000000
CANNA-SW,2040-II-SW,59630.07160000000,221248871.70600000000
CARNAMAH-NW,2038-I-NW,59824.93480000000,222604626.42199999000
CARNAMAH-SW,2038-I-SW,59864.65320000000,222880965.92699999000
MINDARRA-NW,2035-I-NW,60318.45600000000,226038284.24399999000
MINDARRA-SW,2035-I-SW,60361.28390000000,226336258.11199999000
GINGIN-NW,2035-II-NW,60404.37960000000,226636095.19200000000
GINGIN-SW,2035-II-SW,60447.74520000000,226937809.97499999000
MUCHEA-NW,2034-I-NW,60491.38200000000,227241411.62300000000
MUCHEA-SW,2034-I-SW,60535.29160000000,227546911.26899999000
PERTH-NW,2034-II-NW,60579.47570000000,227854320.61600000000
PERTH-SW,2034-II-SW,60623.93520000000,228163646.04899999000
FREMANTLE-NW,2033-I-NW,60668.67240000000,228474903.69299999000
FREMANTLE-SW,2033-I-SW,60713.68840000000,228788101.07900000000
WELLARD-NW,2033-II-NW,60758.98520000000,229103252.12200001000
WELLARD-SW,2033-II-SW,60804.56400000000,229420365.17199999000
PINJARRA-NW,2032-I-NW,60850.42660000000,229739452.75000000000
PINJARRA-SW,2032-I-SW,60896.57450000000,230060525.42600000000
HAMEL-NW,2032-II-NW,60943.00940000000,230383594.89700001000
HAMEL-SW,2032-II-SW,60989.73320000000,230708674.24900001000
HARVEY-NW,2031-I-NW,61036.74680000000,231035769.87599999000
HARVEY-SW,2031-I-SW,61084.05280000000,231364899.86700001000
BUREKUP-NW,2031-II-NW,61131.65220000000,231696071.17899999000
BUREKUP-SW,2031-II-SW,61179.54730000000,232029299.67600000000
DONNYBROOK-NW,2030-I-NW,61227.73920000000,232364593.14700001000
DONNYBROOK-SW,2030-I-SW,61276.23040000000,232701969.12700000000
BALINGUP-NW,2030-II-NW,61325.02200000000,233041435.13000000000
BALINGUP-SW,2030-II-SW,61374.11610000000,233383005.76699999000
CARLOTTA BROOK-NW,2029-I-NW,61423.51470000000,233726694.95300001000
CARLOTTA BROOK-SW,2029-I-SW,61473.21900000000,234072511.03700000000
CHARNWOOD-NW,2029-II-NW,61523.23170000000,234420472.95100001000
CHARNWOOD-SW,2029-II-SW,61573.55380000000,234770587.50799999000
MEERUP-NW,2028-I-NW,61624.18780000000,235122871.95300001000
MEERUP-SW,2028-I-SW,61675.13500000000,235477335.47700000000
MULLEWA-NE,2040-IV-NE,59516.09100000000,220455855.50500000000
MULLEWA-SE,2040-IV-SE,59553.84260000000,220718511.06099999000
TARDUN-NE,2040-III-NE,59591.83600000000,220982848.93399999000
ARRINO-SE,2039-III-SE,59785.46680000000,222330028.86100000000
DANDARAGAN-SE,2036-IV-SE,60191.56920000000,225155473.60100001000
YATHEROO-SE,2036-III-SE,60275.89560000000,225742171.73199999000
BIDAMINNA-NE,2035-IV-NE,60318.45610000000,226038284.94000000000
BIDAMINNA-SE,2035-IV-SE,60361.28380000000,226336257.29899999000
MOORE RIVER-NE,2035-III-NE,60404.37940000000,226636093.56299999000
MOORE RIVER-SE,2035-III-SE,60447.74500000000,226937808.34400001000
YANCHEP-NE,2034-IV-NE,60491.38180000000,227241409.99000001000
YANCHEP-SE,2034-IV-SE,60535.29140000000,227546909.63299999000
MULLALOO-NE,2034-III-NE,60579.47560000000,227854319.92100000000
MULLALOO-SE,2034-III-SE,60623.93550000000,228163648.38400000000
GARDEN ISLAND-NE,2033-IV-NE,60668.67260000000,228474905.33500001000
GARDEN ISLAND-SE,2033-IV-SE,60713.68860000000,228788102.72299999000
ROCKINGHAM-NE,2033-III-NE,60758.98540000000,229103253.76899999000
ROCKINGHAM-SE,2033-III-SE,60804.56420000000,229420366.81999999000
MANDURAH-NE,2032-IV-NE,60850.42670000000,229739453.57600001000
MANDURAH-SE,2032-IV-SE,60896.57440000000,230060524.59900001000
LAKE CLIFTON-NE,2032-III-NE,60943.00920000000,230383593.24100000000
LAKE CLIFTON-SE,2032-III-SE,60989.73300000000,230708672.59099999000
LAKE PRESTON-NE,2031-IV-NE,61036.74660000000,231035768.21599999000
LAKE PRESTON-SE,2031-IV-SE,61084.05260000000,231364898.20400000000
BUNBURY-NE,2031-III-NE,61131.65200000000,231696069.51400000000
BUNBURY-SE,2031-III-SE,61179.54730000000,232029299.67600000000
CAPEL-NE,2030-IV-NE,61227.73940000000,232364594.81700000000
CAPEL-SE,2030-IV-SE,61276.23050000000,232701970.10400000000
CAMBRAY-NE,2030-III-NE,61325.02230000000,233041437.50000000000
CAMBRAY-SE,2030-III-SE,61374.11620000000,233383006.74900001000
JALBARRAGUP-NE,2029-IV-NE,61423.51490000000,233726696.48899999000
JALBARRAGUP-SE,2029-IV-SE,61473.21900000000,234072511.03700000000
LAKE JASPER-NE,2029-III-NE,61523.23160000000,234420472.10900000000
LAKE JASPER-SE,2029-III-SE,61573.55360000000,234770585.82100001000
PIKE-NE,2028-IV-NE,61624.18760000000,235122870.26400000000
MULLEWA-NW,2040-IV-NW,59516.09080000000,220455853.91999999000
ARRINO-NW,2039-III-NW,59746.24780000000,222057164.12200001000
ARRINO-SW,2039-III-SW,59785.46700000000,222330030.45899999000
BADGINGARRA-NW,2037-III-NW,60067.04480000000,224289098.82800001000
BADGINGARRA-SW,2037-III-SW,60108.29260000000,224576079.08199999000
BIDAMINNA-NW,2035-IV-NW,60318.45640000000,226038287.25999999000
BIDAMINNA-SW,2035-IV-SW,60361.28400000000,226336258.92500001000
MOORE RIVER-NW,2035-III-NW,60404.37960000000,226636095.19200000000
MOORE RIVER-SW,2035-III-SW,60447.74520000000,226937809.97499999000
YANCHEP-NW,2034-IV-NW,60491.38190000000,227241410.80599999000
GARDEN ISLAND-NW,2033-IV-NW,60668.67230000000,228474902.99700001000
MANDURAH-NW,2032-IV-NW,60850.42670000000,229739453.57600001000
MANDURAH-SW,2032-IV-SW,60896.57460000000,230060526.25200000000
LAKE CLIFTON-NW,2032-III-NW,60943.00940000000,230383594.89700001000
BUNBURY-NW,2031-III-NW,61131.65200000000,231696069.51400000000
BUNBURY-SW,2031-III-SW,61179.54720000000,232029298.84200001000
CAPEL-NW,2030-IV-NW,61227.73920000000,232364593.14700001000
CAPEL-SW,2030-IV-SW,61276.23020000000,232701967.73600000000
CAMBRAY-NW,2030-III-NW,61325.02210000000,233041435.82600001000
CAMBRAY-SW,2030-III-SW,61374.11610000000,233383005.76699999000
JALBARRAGUP-NW,2029-IV-NW,61423.51490000000,233726696.48899999000
JALBARRAGUP-SW,2029-IV-SW,61473.21920000000,234072512.72000000000
LAKE JASPER-NW,2029-III-NW,61523.23180000000,234420473.79400000000
LAKE JASPER-SW,2029-III-SW,61573.55380000000,234770587.50799999000
MINGENEW-SE,1939-I-SE,59707.27620000000,221786020.25200000000
COWALLA-NE,1937-II-NE,60067.04500000000,224289100.43900001000
COWALLA-SE,1937-II-SE,60108.29280000000,224576080.69600001000
LANCELIN-NE,1935-I-NE,60318.45620000000,226038285.63600001000
LANCELIN-SE,1935-I-SE,60361.28380000000,226336257.29899999000
CAPE LESCHENAULT-NE,1935-II-NE,60404.37940000000,226636093.56299999000
BUSSELTON-NE,1930-I-NE,61227.73940000000,232364594.81700000000
BUSSELTON-SE,1930-I-SE,61276.23040000000,232701969.40799999000
WHICHER-NE,1930-II-NE,61325.02220000000,233041436.80500001000
WHICHER-SE,1930-II-SE,61374.11630000000,233383007.30100000000
ROSA-NE,1929-I-NE,61423.51470000000,233726694.95300001000
ROSA-SE,1929-I-SE,61473.21910000000,234072511.73300001000
WHITE POINT-NE,1929-II-NE,61523.23160000000,234420472.10900000000
WHITE POINT-SE,1929-II-SE,61573.55360000000,234770585.82100001000
INDARRA-NW,1940-I-NW,59516.09060000000,220455852.52900001000
INDARRA-SW,1940-I-SW,59553.84260000000,220718510.86700001000
ENEABBA-NW,1938-II-NW,59904.62290000000,223159053.73800001000
WALYENGARRA-SW,1936-II-SW,60275.89560000000,225742171.84700000000
LANCELIN-NW,1935-I-NW,60318.45640000000,226038287.25999999000
BUSSELTON-SW,1930-I-SW,61276.23020000000,232701967.73500001000
WHICHER-NW,1930-II-NW,61325.02200000000,233041435.13000000000
WHICHER-SW,1930-II-SW,61374.11630000000,233383007.30100000000
ROSA-NW,1929-I-NW,61423.51480000000,233726695.93700001000
ROSA-SW,1929-I-SW,61473.21940000000,234072514.11100000000
WHITE POINT-NW,1929-II-NW,61523.23180000000,234420473.79400000000
ONSLOW-SE,1954-IV-SE,57779.81240000000,208375752.25299999000
JIMBA JIMBA-NE,1947-IV-NE,58552.39420000000,213750965.66400000000
YALLINGUP-NE,1930-IV-NE,61227.73940000000,232364594.81700000000
YALLINGUP-SE,1930-IV-SE,61276.23030000000,232701968.57200000000
COWARAMUP-NE,1930-III-NE,61325.02200000000,233041435.13000000000
COWARAMUP-SE,1930-III-SE,61374.11620000000,233383006.46300000000
KARRIDALE-NE,1929-IV-NE,61423.51460000000,233726694.25799999000
KARRIDALE-SE,1929-IV-SE,61473.21920000000,234072512.42899999000
LEEUWIN-NE,1929-III-NE,61523.23160000000,234420472.10900000000
LEEUWIN-SE,1929-III-SE,61573.55360000000,234770585.82100001000
ONSLOW-SW,1954-IV-SW,57779.81260000000,208375753.75000000000
YUNA-NW,1941-III-NW,59441.30640000000,219935543.83899999000
ERADU-SW,1940-IV-SW,59553.84260000000,220718510.86700001000
YARDARINO-SW,1939-IV-SW,59707.27640000000,221786021.84599999000
HILL RIVER-NW,1937-III-NW,60067.04480000000,224289098.82800001000
HILL RIVER-SW,1937-III-SW,60108.29270000000,224576079.88900000000
CERVANTES-NW,1936-IV-NW,60149.80060000000,224864869.89500001000
YALLINGUP-NW,1930-IV-NW,61227.73920000000,232364593.14700001000
YALLINGUP-SW,1930-IV-SW,61276.23030000000,232701968.57200000000
COWARAMUP-NW,1930-III-NW,61325.02220000000,233041436.80500001000
COWARAMUP-SW,1930-III-SW,61374.11640000000,233383008.13999999000
KARRIDALE-NW,1929-IV-NW,61423.51480000000,233726695.93700001000
KARRIDALE-SW,1929-IV-SW,61473.21940000000,234072514.11100000000
LEEUWIN-NW,1929-III-NW,61523.23170000000,234420472.95100001000
MANICOM-SE,1854-I-SE,57779.81250000000,208375752.94900000000
NOLBA-NE,1841-II-NE,59441.30660000000,219935545.41999999000
NANSON-NE,1840-I-NE,59516.09070000000,220455853.32100001000
NANSON-SE,1840-I-SE,59553.84260000000,220718510.86700001000
WALKAWAY-NE,1840-II-NE,59591.83580000000,220982847.34599999000
WALKAWAY-SE,1840-II-SE,59630.07160000000,221248871.70600000000
BOOKARA-SE,1839-I-SE,59707.27630000000,221786020.94700000000
DONGARA-NE,1839-II-NE,59746.24760000000,222057162.52599999000
CLIFF-SE,1838-I-SE,59864.65300000000,222880964.53500000000
BEAGLE ISLANDS-NE,1838-II-NE,59904.62300000000,223159054.53900000000
BEAGLE ISLANDS-SE,1838-II-SE,59944.84580000000,223438903.39100000000
GREEN HEAD-NE,1837-I-NE,59985.32280000000,223720520.83199999000
CLAIRAULT-SE,1830-I-SE,61276.23020000000,232701967.73500001000
MENTELLE-NE,1830-II-NE,61325.02200000000,233041435.13000000000
MENTELLE-SE,1830-II-SE,61374.11620000000,233383006.46300000000
TOOKER-NE,1829-I-NE,61423.51460000000,233726694.25799999000
NOLBA-SW,1841-II-SW,59478.57920000000,220194868.15799999000
NANSON-NW,1840-I-NW,59516.09070000000,220455853.32100001000
NANSON-SW,1840-I-SW,59553.84280000000,220718512.45300001000
WALKAWAY-NW,1840-II-NW,59591.83590000000,220982848.23800001000
WALKAWAY-SW,1840-II-SW,59630.07190000000,221248873.99200001000
WANNOO-NE,1844-III-NE,59012.25140000000,216950407.34200001000
AJANA-NE,1842-III-NE,59294.58240000000,218914716.46399999000
AJANA-SE,1842-III-SE,59330.91080000000,219167470.15200001000
HUTT-NE,1841-IV-NE,59367.47380000000,219421856.06200001000
NORTHAMPTON-NE,1841-III-NE,59441.30650000000,219935544.63000000000
NORTHAMPTON-SE,1841-III-SE,59478.57920000000,220194868.15799999000
HOWATHARRA-NE,1840-IV-NE,59516.09060000000,220455852.52900001000
HOWATHARRA-SE,1840-IV-SE,59553.84260000000,220718510.86700001000
GERALDTON-NE,1840-III-NE,59591.83560000000,220982845.95400000000
GERALDTON-SE,1840-III-SE,59630.07170000000,221248872.40200001000
WANNOO-NW,1844-III-NW,59012.25160000000,216950408.90099999000
NORTHAMPTON-NW,1841-III-NW,59441.30650000000,219935544.63000000000
HOWATHARRA-NW,1840-IV-NW,59516.09080000000,220455854.11300001000
HOWATHARRA-SW,1840-IV-SW,59553.84280000000,220718512.45300001000
GERALDTON-NW,1840-III-NW,59591.83580000000,220982847.54200000000
LYNTON-SW,1741-I-SW,59404.27200000000,219677878.36800000000
NORTH WEST CAPE-SE,1754-III-SE,57832.16040000000,208739961.90400001000
GANTHEAUME-SE,1742-IV-SE,59258.48700000000,218663583.86700001000
PORT GREGORY-SE,1741-IV-SE,59404.27180000000,219677876.78900000000
NORTH WEST CAPE-SW,1754-III-SW,57832.16020000000,208739960.40400001000
CARDABIA-SW,1651-I-SW,58105.36920000000,210640803.31999999000
CARNARVON-NE,1648-III-NE,58490.12540000000,213317732.32699999000
CARNARVON-SE,1648-III-SE,58521.15520000000,213533621.24399999000
CARNARVON-NW,1648-III-NW,58490.12540000000,213317732.32699999000
CARNARVON-SW,1648-III-SW,58521.15500000000,213533619.78099999000
PERON PENINSULA-SW,1646-III-SW,58777.00560000000,215313692.33700001000
